id_transaksi,tanggal,cabang,kategori_produk,nama_produk,harga_satuan,jumlah_terjual,total_penjualan,metode_pembayaran,jenis_kelamin_pelanggan,usia_pelanggan,rating_kepuasan,status_promo,biaya_iklan_harian
TRX00001,2026-03-26,Surabaya,Aksesoris,Mouse Wireless,1150000,5,5750000,Kredit,Perempuan,44,4,Tidak,340000
TRX00002,2026-06-20,Malang,Aksesoris,Mouse Wireless,1100000,4,4400000,Kredit,Laki-laki,55,4,Tidak,470000
TRX00003,2026-05-10,Bandung,Smartphone,Xiaomi Redmi Note 14,5700000,1,5700000,Debit,Laki-laki,34,2,Tidak,460000
TRX00004,2026-04-28,Bandung,Aksesoris,Keyboard Mechanical,200000,3,600000,E-Wallet,Perempuan,33,4,Tidak,450000
TRX00005,2026-06-27,Jakarta,Aksesoris,Headset Bluetooth,1200000,4,4800000,Debit,Laki-laki,19,1,Tidak,990000
TRX00006,2026-01-03,Bandung,Smartphone,Vivo V30,7800000,1,7800000,Tunai,Laki-laki,49,2,Tidak,440000
TRX00007,2026-03-12,Jakarta,Smartphone,Samsung Galaxy A15,9800000,2,22083000,Kredit,Laki-laki,24,4,Ya,1080000
TRX00008,2026-01-25,Malang,Elektronik Rumah Tangga,Air Fryer,7050000,3,21150000,Tunai,Laki-laki,25,5,Tidak,320000
TRX00009,2026-01-06,Bandung,Elektronik Rumah Tangga,Rice Cooker Digital,1500000,2,3000000,E-Wallet,Perempuan,34,5,Tidak,320000
TRX00010,2026-03-09,Jakarta,Aksesoris,Power Bank,650000,3,2145000,Debit,Laki-laki,59,3,Ya,670000
TRX00011,2026-04-01,Surabaya,Aksesoris,Power Bank,950000,1,950000,E-Wallet,Laki-laki,27,4,Tidak,560000
TRX00012,2026-03-14,Surabaya,Smartphone,Xiaomi Redmi Note 14,2400000,5,12000000,Debit,Perempuan,27,5,Tidak,610000
TRX00013,2026-01-10,Jakarta,Elektronik Rumah Tangga,Rice Cooker Digital,6450000,3,22289000,Debit,Laki-laki,52,4,Ya,1140000
TRX00014,2026-04-01,Jakarta,Aksesoris,Power Bank,1200000,3,3600000,Kredit,Perempuan,46,5,Tidak,830000
TRX00015,2026-06-11,Jakarta,Aksesoris,Headset Bluetooth,200000,4,994000,E-Wallet,Laki-laki,56,5,Ya,820000
TRX00016,2026-06-09,Malang,Laptop,Acer Aspire 5,17750000,1,17750000,E-Wallet,Laki-laki,47,2,Tidak,370000
TRX00017,2026-01-20,Surabaya,Elektronik Rumah Tangga,Air Fryer,3900000,3,14184000,Kredit,Perempuan,22,4,Ya,600000
TRX00018,2026-06-15,Bandung,Smartphone,Xiaomi Redmi Note 14,3150000,5,15750000,Kredit,Laki-laki,44,4,Tidak,390000
TRX00019,2026-02-03,Malang,Smartphone,Vivo V30,4300000,1,4300000,E-Wallet,Laki-laki,50,4,Tidak,370000
TRX00020,2026-03-25,Jakarta,Aksesoris,Headset Bluetooth,600000,6,4260000,Debit,Laki-laki,55,3,Ya,740000
TRX00021,2026-01-20,Bandung,Smartphone,Xiaomi Redmi Note 14,7850000,1,8690000,E-Wallet,Laki-laki,32,3,Ya,320000
TRX00022,2026-01-31,Jakarta,Aksesoris,Power Bank,800000,3,2400000,E-Wallet,Laki-laki,56,3,Tidak,760000
TRX00023,2026-03-01,Bandung,Elektronik Rumah Tangga,Air Fryer,2200000,1,2361000,Debit,Perempuan,29,5,Ya,360000
TRX00024,2026-05-30,Surabaya,Laptop,HP 14,12600000,2,25200000,Debit,Perempuan,45,4,Tidak,600000
TRX00025,2026-03-15,Malang,Laptop,HP 14,13100000,4,61775000,Tunai,Laki-laki,45,3,Ya,370000
TRX00026,2026-01-14,Jakarta,Elektronik Rumah Tangga,"Smart TV 43""",3800000,2,7600000,Debit,Perempuan,42,4,Tidak,1160000
TRX00027,2026-05-27,Bandung,Smartphone,OPPO Reno 12,2300000,1,2579000,Kredit,Perempuan,26,5,Ya,510000
TRX00028,2026-04-16,Bandung,Smartphone,Xiaomi Redmi Note 14,10150000,2,20300000,Tunai,Perempuan,18,4,Tidak,300000
TRX00029,2026-01-17,Jakarta,Aksesoris,Power Bank,600000,5,3577000,Tunai,Perempuan,25,4,Ya,770000
TRX00030,2026-06-26,Jakarta,Elektronik Rumah Tangga,Rice Cooker Digital,1600000,2,3200000,Kredit,Laki-laki,54,5,Tidak,890000
TRX00031,2026-01-17,Malang,Smartphone,Samsung Galaxy A15,7500000,3,22500000,Debit,Laki-laki,42,3,Tidak,510000
TRX00032,2026-02-04,Surabaya,Laptop,ASUS Vivobook 14,9500000,2,19000000,Kredit,Perempuan,32,5,Tidak,590000
TRX00033,2026-03-15,Malang,Smartphone,OPPO Reno 12,9950000,1,11569000,Tunai,Perempuan,54,5,Ya,390000
TRX00034,2026-04-24,Bandung,Elektronik Rumah Tangga,"Smart TV 43""",3700000,1,3700000,Debit,Laki-laki,40,4,Tidak,360000
TRX00035,2026-05-22,Surabaya,Aksesoris,Headset Bluetooth,300000,4,1200000,Tunai,Laki-laki,22,3,Tidak,560000
TRX00036,2026-03-17,Surabaya,Smartphone,Vivo V30,4000000,2,9675000,Tunai,Perempuan,55,5,Ya,590000
TRX00037,2026-04-05,Surabaya,Smartphone,Xiaomi Redmi Note 14,10650000,1,10650000,Kredit,Laki-laki,23,4,Tidak,680000
TRX00038,2026-02-20,Malang,Smartphone,Samsung Galaxy A15,3600000,3,10800000,Debit,Perempuan,48,3,Tidak,410000
TRX00039,2026-02-04,Bandung,Aksesoris,Mouse Wireless,650000,3,1950000,E-Wallet,Laki-laki,41,2,Tidak,400000
TRX00040,2026-06-11,Bandung,Smartphone,Vivo V30,3100000,1,3817000,E-Wallet,Laki-laki,29,3,Ya,430000
TRX00041,2026-06-02,Bandung,Smartphone,OPPO Reno 12,10000000,2,20000000,Kredit,Laki-laki,39,4,Tidak,320000
TRX00042,2026-06-22,Jakarta,Laptop,Lenovo IdeaPad Slim 3,8750000,4,42284000,Tunai,Laki-laki,38,4,Ya,1060000
TRX00043,2026-03-09,Malang,Smartphone,Samsung Galaxy A15,11350000,1,14002000,Tunai,Perempuan,22,4,Ya,390000
TRX00044,2026-05-21,Bandung,Smartphone,Samsung Galaxy A15,3950000,4,15800000,Tunai,Laki-laki,47,2,Tidak,410000
TRX00045,2026-02-18,Bandung,Elektronik Rumah Tangga,Kipas Angin,4750000,2,9500000,E-Wallet,Perempuan,21,3,Tidak,390000
TRX00046,2026-04-25,Surabaya,Aksesoris,Power Bank,1000000,4,4000000,Kredit,Perempuan,53,4,Tidak,540000
TRX00047,2026-03-03,Jakarta,Laptop,HP 14,17750000,1,19844000,E-Wallet,Laki-laki,60,2,Ya,1100000
TRX00048,2026-05-29,Jakarta,Elektronik Rumah Tangga,Kipas Angin,1850000,1,1989000,Kredit,Laki-laki,23,5,Ya,830000
TRX00049,2026-05-27,Malang,Smartphone,Vivo V30,10200000,2,23239000,Tunai,Perempuan,57,4,Ya,400000
TRX00050,2026-05-13,Malang,Elektronik Rumah Tangga,Kipas Angin,7150000,2,14300000,Tunai,Laki-laki,27,4,Tidak,320000
TRX00051,2026-05-12,Bandung,Laptop,Lenovo IdeaPad Slim 3,9750000,4,39000000,Tunai,Laki-laki,34,1,Tidak,470000
TRX00052,2026-01-31,Jakarta,Smartphone,Vivo V30,6450000,3,19350000,Tunai,Perempuan,30,5,Tidak,1010000
TRX00053,2026-06-01,Jakarta,Aksesoris,Power Bank,850000,3,2550000,Debit,Perempuan,56,2,Tidak,820000
TRX00054,2026-05-16,Malang,Smartphone,Vivo V30,4000000,3,12000000,Debit,Laki-laki,39,5,Tidak,420000
TRX00055,2026-06-27,Malang,Smartphone,Vivo V30,10500000,3,31500000,E-Wallet,Perempuan,32,4,Tidak,500000
TRX00056,2026-05-13,Jakarta,Smartphone,Xiaomi Redmi Note 14,2550000,4,10200000,Tunai,Laki-laki,46,4,Tidak,880000
TRX00057,2026-02-11,Surabaya,Elektronik Rumah Tangga,"Smart TV 43""",1400000,2,2800000,Debit,Laki-laki,18,4,Tidak,660000
TRX00058,2026-06-30,Surabaya,Laptop,Lenovo IdeaPad Slim 3,10000000,1,10000000,Debit,Laki-laki,51,4,Tidak,610000
TRX00059,2026-01-28,Malang,Smartphone,Vivo V30,4200000,1,4200000,Debit,Laki-laki,22,5,Tidak,390000
TRX00060,2026-04-08,Malang,Smartphone,Samsung Galaxy A15,10350000,3,38089000,Tunai,Perempuan,42,4,Ya,340000
TRX00061,2026-05-29,Jakarta,Aksesoris,Keyboard Mechanical,550000,2,1167000,Kredit,Laki-laki,58,2,Ya,1020000
TRX00062,2026-02-16,Surabaya,Smartphone,Samsung Galaxy A15,1900000,4,7600000,Kredit,Laki-laki,47,4,Tidak,520000
TRX00063,2026-04-13,Jakarta,Smartphone,Vivo V30,3550000,1,3550000,Kredit,Perempuan,22,3,Tidak,790000
TRX00064,2026-06-01,Jakarta,Aksesoris,Mouse Wireless,1050000,1,1264000,Debit,Laki-laki,29,3,Ya,1040000
TRX00065,2026-04-15,Bandung,Elektronik Rumah Tangga,Kipas Angin,1250000,2,2500000,Tunai,Perempuan,37,3,Tidak,360000
TRX00066,2026-06-05,Surabaya,Aksesoris,Headset Bluetooth,600000,1,673000,E-Wallet,Laki-laki,43,3,Ya,650000
TRX00067,2026-02-06,Bandung,Smartphone,OPPO Reno 12,9750000,1,9750000,Kredit,Perempuan,43,4,Tidak,440000
TRX00068,2026-03-04,Jakarta,Smartphone,Samsung Galaxy A15,9050000,1,11025000,Debit,Perempuan,34,4,Ya,1050000
TRX00069,2026-03-08,Jakarta,Smartphone,Vivo V30,4850000,1,5975000,E-Wallet,Laki-laki,30,2,Ya,690000
TRX00070,2026-03-19,Malang,Elektronik Rumah Tangga,"Smart TV 43""",6650000,1,8293000,Tunai,Laki-laki,31,5,Ya,380000
TRX00071,2026-01-22,Malang,Laptop,Lenovo IdeaPad Slim 3,12850000,2,25700000,Debit,Laki-laki,45,3,Tidak,430000
TRX00072,2026-04-05,Surabaya,Laptop,Acer Aspire 5,15150000,2,35985000,Debit,Perempuan,59,5,Ya,500000
TRX00073,2026-02-22,Bandung,Elektronik Rumah Tangga,Rice Cooker Digital,1550000,4,7510000,E-Wallet,Laki-laki,18,5,Ya,450000
TRX00074,2026-01-16,Jakarta,Laptop,ASUS Vivobook 14,9050000,5,45250000,Tunai,Perempuan,45,4,Tidak,990000
TRX00075,2026-02-13,Bandung,Laptop,HP 14,7500000,1,8143000,Tunai,Laki-laki,45,3,Ya,380000
TRX00076,2026-01-22,Jakarta,Smartphone,Samsung Galaxy A15,6150000,2,14010000,Tunai,Perempuan,41,5,Ya,970000
TRX00077,2026-06-08,Bandung,Aksesoris,Mouse Wireless,550000,1,550000,Debit,Perempuan,60,5,Tidak,380000
TRX00078,2026-05-07,Jakarta,Smartphone,OPPO Reno 12,2650000,2,5300000,Kredit,Laki-laki,26,3,Tidak,1030000
TRX00079,2026-03-16,Jakarta,Smartphone,OPPO Reno 12,3900000,2,9440000,Kredit,Laki-laki,33,4,Ya,760000
TRX00080,2026-01-19,Surabaya,Aksesoris,Mouse Wireless,1100000,1,1100000,E-Wallet,Perempuan,42,5,Tidak,580000
TRX00081,2026-06-28,Malang,Laptop,Lenovo IdeaPad Slim 3,8800000,3,26400000,E-Wallet,Laki-laki,26,2,Tidak,540000
TRX00082,2026-06-23,Malang,Smartphone,Samsung Galaxy A15,10000000,3,30000000,Debit,Laki-laki,59,4,Tidak,330000
TRX00083,2026-02-20,Malang,Elektronik Rumah Tangga,Rice Cooker Digital,7450000,1,7450000,E-Wallet,Perempuan,54,4,Tidak,320000
TRX00084,2026-02-12,Bandung,Aksesoris,Mouse Wireless,1100000,2,2200000,Tunai,Laki-laki,60,4,Tidak,470000
TRX00085,2026-01-13,Bandung,Smartphone,OPPO Reno 12,5550000,1,6124000,E-Wallet,Laki-laki,27,3,Ya,380000
TRX00086,2026-05-09,Malang,Aksesoris,Keyboard Mechanical,500000,1,500000,Debit,Perempuan,52,5,Tidak,450000
TRX00087,2026-02-22,Malang,Aksesoris,Keyboard Mechanical,1050000,2,2100000,E-Wallet,Laki-laki,36,4,Tidak,460000
TRX00088,2026-02-19,Jakarta,Smartphone,Samsung Galaxy A15,9600000,5,53655000,Kredit,Laki-laki,29,5,Ya,670000
TRX00089,2026-06-07,Jakarta,Elektronik Rumah Tangga,Air Fryer,750000,1,848000,Debit,Perempuan,54,1,Ya,690000
TRX00090,2026-03-10,Malang,Elektronik Rumah Tangga,"Smart TV 43""",2750000,2,6062000,Tunai,Perempuan,29,5,Ya,420000
TRX00091,2026-06-17,Malang,Aksesoris,Keyboard Mechanical,1150000,1,1357000,E-Wallet,Perempuan,24,5,Ya,440000
TRX00092,2026-05-20,Bandung,Aksesoris,Headset Bluetooth,850000,2,1876000,E-Wallet,Laki-laki,52,5,Ya,480000
TRX00093,2026-03-27,Malang,Elektronik Rumah Tangga,"Smart TV 43""",550000,2,1100000,Debit,Laki-laki,30,4,Tidak,360000
TRX00094,2026-01-12,Surabaya,Elektronik Rumah Tangga,Kipas Angin,7250000,1,7870000,Tunai,Perempuan,48,2,Ya,750000
TRX00095,2026-01-17,Surabaya,Smartphone,Samsung Galaxy A15,11500000,1,11500000,Debit,Perempuan,30,5,Tidak,640000
TRX00096,2026-03-27,Malang,Smartphone,Xiaomi Redmi Note 14,3250000,3,10668000,Debit,Perempuan,49,4,Ya,410000
TRX00097,2026-05-16,Bandung,Laptop,Acer Aspire 5,11400000,3,37285000,Debit,Laki-laki,18,4,Ya,420000
TRX00098,2026-02-02,Surabaya,Laptop,HP 14,14250000,4,62200000,Debit,Perempuan,28,2,Ya,670000
TRX00099,2026-02-23,Malang,Smartphone,Samsung Galaxy A15,1950000,4,9530000,Debit,Laki-laki,41,3,Ya,420000
TRX00100,2026-06-10,Bandung,Laptop,Lenovo IdeaPad Slim 3,15350000,4,61400000,Debit,Laki-laki,43,5,Tidak,430000
TRX00101,2026-04-08,Bandung,Smartphone,OPPO Reno 12,8150000,5,40750000,Tunai,Laki-laki,24,5,Tidak,360000
TRX00102,2026-02-14,Jakarta,Laptop,ASUS Vivobook 14,12900000,3,38700000,E-Wallet,Perempuan,34,4,Tidak,830000
TRX00103,2026-05-14,Surabaya,Aksesoris,Keyboard Mechanical,350000,1,350000,Kredit,Perempuan,50,4,Tidak,710000
TRX00104,2026-05-31,Jakarta,Aksesoris,Mouse Wireless,450000,2,1109000,E-Wallet,Perempuan,52,3,Ya,1080000
TRX00105,2026-02-23,Surabaya,Elektronik Rumah Tangga,Air Fryer,7150000,2,14300000,Debit,Laki-laki,43,5,Tidak,470000
TRX00106,2026-04-27,Malang,Elektronik Rumah Tangga,"Smart TV 43""",1600000,1,1600000,Debit,Laki-laki,28,2,Tidak,330000
TRX00107,2026-04-07,Malang,Smartphone,Samsung Galaxy A15,6550000,1,6550000,Tunai,Perempuan,31,4,Tidak,440000
TRX00108,2026-01-09,Jakarta,Smartphone,Xiaomi Redmi Note 14,7550000,2,15100000,Tunai,Perempuan,58,2,Tidak,740000
TRX00109,2026-04-18,Surabaya,Smartphone,OPPO Reno 12,2250000,2,4500000,Kredit,Laki-laki,56,4,Tidak,630000
TRX00110,2026-02-21,Malang,Elektronik Rumah Tangga,Air Fryer,600000,2,1200000,E-Wallet,Perempuan,23,2,Tidak,450000
TRX00111,2026-06-11,Malang,Smartphone,Vivo V30,8400000,1,9730000,Tunai,Perempuan,55,5,Ya,310000
TRX00112,2026-02-12,Malang,Smartphone,Samsung Galaxy A15,10650000,5,53250000,Debit,Laki-laki,29,3,Tidak,360000
TRX00113,2026-03-29,Surabaya,Aksesoris,Power Bank,200000,1,223000,Tunai,Perempuan,52,5,Ya,610000
TRX00114,2026-05-21,Jakarta,Laptop,Lenovo IdeaPad Slim 3,8650000,1,8650000,Kredit,Perempuan,38,5,Tidak,780000
TRX00115,2026-02-24,Surabaya,Laptop,Lenovo IdeaPad Slim 3,15900000,5,79500000,Kredit,Perempuan,41,5,Tidak,660000
TRX00116,2026-04-12,Malang,Aksesoris,Keyboard Mechanical,950000,5,5007000,Debit,Perempuan,42,5,Ya,410000
TRX00117,2026-03-22,Surabaya,Aksesoris,Headset Bluetooth,1200000,3,3600000,Debit,Perempuan,48,4,Tidak,550000
TRX00118,2026-05-14,Surabaya,Smartphone,OPPO Reno 12,10900000,2,21800000,Tunai,Laki-laki,52,3,Tidak,740000
TRX00119,2026-05-22,Jakarta,Laptop,Lenovo IdeaPad Slim 3,7150000,5,35750000,Kredit,Laki-laki,30,5,Tidak,920000
TRX00120,2026-05-22,Surabaya,Smartphone,Xiaomi Redmi Note 14,11400000,5,70225000,E-Wallet,Laki-laki,45,4,Ya,520000
TRX00121,2026-01-31,Bandung,Aksesoris,Keyboard Mechanical,150000,3,499000,Debit,Perempuan,28,4,Ya,440000
TRX00122,2026-04-04,Bandung,Smartphone,Xiaomi Redmi Note 14,7450000,5,37250000,E-Wallet,Laki-laki,19,4,Tidak,380000
TRX00123,2026-06-22,Bandung,Smartphone,Vivo V30,5000000,5,29318000,E-Wallet,Perempuan,52,5,Ya,370000
TRX00124,2026-05-20,Surabaya,Smartphone,Samsung Galaxy A15,5300000,4,24690000,E-Wallet,Perempuan,31,3,Ya,630000
TRX00125,2026-02-07,Malang,Elektronik Rumah Tangga,Air Fryer,5150000,2,11167000,E-Wallet,Laki-laki,57,4,Ya,420000
TRX00126,2026-03-05,Jakarta,Laptop,HP 14,17050000,2,39492000,Kredit,Laki-laki,19,4,Ya,810000
TRX00127,2026-04-23,Malang,Elektronik Rumah Tangga,Rice Cooker Digital,2500000,5,15117000,E-Wallet,Laki-laki,29,3,Ya,520000
TRX00128,2026-06-30,Jakarta,Laptop,Acer Aspire 5,7550000,1,7550000,Kredit,Laki-laki,56,3,Tidak,990000
TRX00129,2026-06-15,Surabaya,Aksesoris,Power Bank,850000,3,2550000,Kredit,Laki-laki,33,5,Tidak,600000
TRX00130,2026-05-02,Malang,Laptop,ASUS Vivobook 14,16400000,3,59111000,Debit,Laki-laki,45,3,Ya,440000
TRX00131,2026-06-24,Jakarta,Smartphone,Vivo V30,7150000,3,21450000,E-Wallet,Laki-laki,56,4,Tidak,790000
TRX00132,2026-01-04,Surabaya,Laptop,Lenovo IdeaPad Slim 3,9550000,1,9550000,E-Wallet,Perempuan,26,4,Tidak,490000
TRX00133,2026-03-02,Jakarta,Elektronik Rumah Tangga,Rice Cooker Digital,3950000,1,4323000,E-Wallet,Perempuan,47,2,Ya,680000
TRX00134,2026-06-14,Malang,Smartphone,Samsung Galaxy A15,2500000,1,2500000,Tunai,Perempuan,26,2,Tidak,480000
TRX00135,2026-04-14,Bandung,Smartphone,Vivo V30,11500000,4,46000000,E-Wallet,Laki-laki,30,3,Tidak,480000
TRX00136,2026-03-16,Malang,Aksesoris,Keyboard Mechanical,350000,3,1204000,Kredit,Laki-laki,18,5,Ya,530000
TRX00137,2026-03-30,Malang,Aksesoris,Keyboard Mechanical,400000,2,905000,Kredit,Perempuan,36,3,Ya,510000
TRX00138,2026-02-21,Jakarta,Smartphone,Vivo V30,3550000,3,10650000,E-Wallet,Laki-laki,39,4,Tidak,640000
TRX00139,2026-05-02,Surabaya,Laptop,ASUS Vivobook 14,8150000,1,8913000,E-Wallet,Laki-laki,30,3,Ya,680000
TRX00140,2026-01-18,Jakarta,Elektronik Rumah Tangga,Kipas Angin,5700000,2,12053000,Tunai,Perempuan,48,4,Ya,1100000
TRX00141,2026-04-15,Malang,Elektronik Rumah Tangga,Kipas Angin,5350000,5,31922000,Tunai,Perempuan,34,4,Ya,430000
TRX00142,2026-05-15,Jakarta,Smartphone,Xiaomi Redmi Note 14,10000000,1,10000000,Kredit,Laki-laki,33,5,Tidak,910000
TRX00143,2026-04-02,Surabaya,Elektronik Rumah Tangga,"Smart TV 43""",450000,1,556000,Debit,Perempuan,43,3,Ya,760000
TRX00144,2026-06-02,Surabaya,Aksesoris,Power Bank,1100000,1,1100000,Kredit,Perempuan,56,4,Tidak,640000
TRX00145,2026-02-15,Surabaya,Elektronik Rumah Tangga,"Smart TV 43""",5900000,5,29500000,Debit,Laki-laki,30,3,Tidak,600000
TRX00146,2026-02-28,Malang,Laptop,ASUS Vivobook 14,7150000,1,7150000,Kredit,Laki-laki,38,4,Tidak,360000
TRX00147,2026-01-21,Bandung,Laptop,Acer Aspire 5,16100000,5,80500000,Debit,Laki-laki,28,2,Tidak,400000
TRX00148,2026-06-21,Jakarta,Laptop,Lenovo IdeaPad Slim 3,15950000,1,15950000,E-Wallet,Perempuan,34,5,Tidak,910000
TRX00149,2026-02-17,Malang,Aksesoris,Headset Bluetooth,1000000,1,1000000,Kredit,Laki-laki,51,5,Tidak,330000
TRX00150,2026-01-09,Surabaya,Smartphone,OPPO Reno 12,10300000,1,10300000,Debit,Perempuan,36,4,Tidak,470000
TRX00151,2026-05-10,Jakarta,Smartphone,Xiaomi Redmi Note 14,4100000,1,4320000,Debit,Laki-laki,60,5,Ya,670000
TRX00152,2026-01-24,Bandung,Smartphone,OPPO Reno 12,4700000,5,23500000,E-Wallet,Laki-laki,54,3,Tidak,400000
TRX00153,2026-06-19,Bandung,Smartphone,Vivo V30,10750000,2,21500000,Kredit,Laki-laki,25,4,Tidak,430000
TRX00154,2026-05-05,Jakarta,Elektronik Rumah Tangga,Kipas Angin,2400000,1,2400000,E-Wallet,Laki-laki,29,1,Tidak,770000
TRX00155,2026-01-01,Surabaya,Aksesoris,Mouse Wireless,1100000,4,4400000,E-Wallet,Perempuan,21,4,Tidak,560000
TRX00156,2026-01-11,Surabaya,Elektronik Rumah Tangga,"Smart TV 43""",7350000,2,14700000,Debit,Perempuan,40,5,Tidak,610000
TRX00157,2026-01-13,Jakarta,Elektronik Rumah Tangga,"Smart TV 43""",3200000,2,6400000,Kredit,Perempuan,48,5,Tidak,660000
TRX00158,2026-05-21,Jakarta,Laptop,Acer Aspire 5,14000000,1,14000000,E-Wallet,Laki-laki,50,3,Tidak,730000
TRX00159,2026-04-21,Bandung,Laptop,ASUS Vivobook 14,17450000,2,34900000,E-Wallet,Perempuan,36,5,Tidak,350000
TRX00160,2026-05-07,Bandung,Smartphone,OPPO Reno 12,11000000,3,37495000,Tunai,Perempuan,43,5,Ya,290000
TRX00161,2026-02-17,Jakarta,Laptop,Acer Aspire 5,8050000,3,24150000,E-Wallet,Perempuan,27,5,Tidak,910000
TRX00162,2026-04-28,Malang,Aksesoris,Power Bank,400000,1,469000,Kredit,Laki-laki,29,5,Ya,410000
TRX00163,2026-05-15,Malang,Aksesoris,Power Bank,100000,2,200000,Kredit,Perempuan,46,4,Tidak,330000
TRX00164,2026-06-25,Bandung,Aksesoris,Power Bank,50000,5,250000,Debit,Laki-laki,53,3,Tidak,380000
TRX00165,2026-05-07,Bandung,Laptop,HP 14,15600000,1,15600000,E-Wallet,Perempuan,50,4,Tidak,340000
TRX00166,2026-03-13,Surabaya,Smartphone,Vivo V30,9950000,1,9950000,Kredit,Laki-laki,43,2,Tidak,550000
TRX00167,2026-02-04,Malang,Laptop,ASUS Vivobook 14,17000000,1,17000000,Kredit,Laki-laki,19,5,Tidak,400000
TRX00168,2026-04-13,Surabaya,Aksesoris,Headset Bluetooth,950000,1,950000,Debit,Perempuan,23,1,Tidak,640000
TRX00169,2026-04-01,Surabaya,Smartphone,Xiaomi Redmi Note 14,11050000,2,22100000,Tunai,Perempuan,50,2,Tidak,620000
TRX00170,2026-06-14,Malang,Smartphone,Vivo V30,9450000,3,28350000,E-Wallet,Perempuan,51,2,Tidak,480000
TRX00171,2026-03-11,Jakarta,Smartphone,Vivo V30,5150000,4,20600000,Tunai,Perempuan,43,3,Tidak,1030000
TRX00172,2026-04-12,Bandung,Aksesoris,Mouse Wireless,750000,2,1500000,Kredit,Perempuan,35,5,Tidak,370000
TRX00173,2026-06-13,Surabaya,Aksesoris,Keyboard Mechanical,350000,1,433000,Tunai,Laki-laki,31,3,Ya,360000
TRX00174,2026-01-28,Bandung,Laptop,Lenovo IdeaPad Slim 3,16100000,5,80500000,E-Wallet,Perempuan,38,4,Tidak,360000
TRX00175,2026-05-08,Surabaya,Elektronik Rumah Tangga,Air Fryer,6800000,1,7718000,Kredit,Perempuan,26,1,Ya,750000
TRX00176,2026-04-06,Surabaya,Smartphone,OPPO Reno 12,6200000,4,24800000,Debit,Laki-laki,52,4,Tidak,610000
TRX00177,2026-01-17,Jakarta,Elektronik Rumah Tangga,Kipas Angin,4250000,5,21250000,Debit,Laki-laki,54,4,Tidak,820000
TRX00178,2026-04-09,Malang,Aksesoris,Power Bank,1200000,1,1338000,E-Wallet,Perempuan,43,5,Ya,390000
TRX00179,2026-01-12,Malang,Smartphone,OPPO Reno 12,8450000,1,10538000,Debit,Perempuan,43,5,Ya,420000
TRX00180,2026-04-03,Bandung,Laptop,ASUS Vivobook 14,13100000,1,16119000,Kredit,Laki-laki,19,3,Ya,400000
TRX00181,2026-03-02,Malang,Smartphone,Samsung Galaxy A15,9600000,3,28800000,E-Wallet,Perempuan,36,3,Tidak,490000
TRX00182,2026-01-14,Jakarta,Laptop,ASUS Vivobook 14,16150000,2,39982000,Tunai,Perempuan,53,4,Ya,980000
TRX00183,2026-05-31,Jakarta,Elektronik Rumah Tangga,Rice Cooker Digital,7500000,1,7500000,E-Wallet,Laki-laki,58,4,Tidak,930000
TRX00184,2026-03-07,Malang,Elektronik Rumah Tangga,Kipas Angin,850000,3,2792000,E-Wallet,Perempuan,58,5,Ya,430000
TRX00185,2026-02-19,Malang,Laptop,HP 14,8950000,1,8950000,Kredit,Perempuan,36,4,Tidak,350000
TRX00186,2026-01-17,Malang,Aksesoris,Power Bank,750000,1,750000,E-Wallet,Laki-laki,52,4,Tidak,410000
TRX00187,2026-05-08,Bandung,Laptop,ASUS Vivobook 14,11950000,4,47800000,E-Wallet,Laki-laki,34,4,Tidak,350000
TRX00188,2026-02-25,Malang,Laptop,Lenovo IdeaPad Slim 3,18000000,3,58235000,Kredit,Laki-laki,45,4,Ya,410000
TRX00189,2026-05-28,Malang,Smartphone,Samsung Galaxy A15,11000000,2,25298000,Debit,Laki-laki,52,4,Ya,530000
TRX00190,2026-05-31,Jakarta,Laptop,Acer Aspire 5,8250000,1,8250000,Kredit,Perempuan,25,4,Tidak,780000
TRX00191,2026-04-04,Surabaya,Smartphone,Xiaomi Redmi Note 14,2050000,1,2528000,E-Wallet,Laki-laki,41,4,Ya,560000
TRX00192,2026-06-26,Jakarta,Elektronik Rumah Tangga,Rice Cooker Digital,4950000,2,9900000,E-Wallet,Laki-laki,35,3,Tidak,840000
TRX00193,2026-01-09,Malang,Smartphone,Xiaomi Redmi Note 14,5950000,1,5950000,Tunai,Perempuan,30,3,Tidak,400000
TRX00194,2026-04-29,Jakarta,Smartphone,Xiaomi Redmi Note 14,6300000,2,12600000,Debit,Laki-laki,34,2,Tidak,810000
TRX00195,2026-03-31,Jakarta,Elektronik Rumah Tangga,"Smart TV 43""",6350000,1,6350000,E-Wallet,Laki-laki,31,3,Tidak,580000
TRX00196,2026-02-27,Bandung,Smartphone,Samsung Galaxy A15,9250000,2,18500000,Debit,Laki-laki,30,5,Tidak,430000
TRX00197,2026-02-11,Surabaya,Aksesoris,Keyboard Mechanical,1150000,4,4600000,Debit,Laki-laki,19,2,Tidak,550000
TRX00198,2026-06-25,Surabaya,Aksesoris,Mouse Wireless,900000,1,900000,Debit,Laki-laki,47,4,Tidak,640000
TRX00199,2026-03-03,Jakarta,Laptop,HP 14,16200000,2,32400000,E-Wallet,Perempuan,53,4,Tidak,970000
TRX00200,2026-02-12,Bandung,Aksesoris,Headset Bluetooth,950000,1,950000,E-Wallet,Laki-laki,22,4,Tidak,440000
TRX00201,2026-03-29,Malang,Elektronik Rumah Tangga,Kipas Angin,3900000,1,4374000,Kredit,Laki-laki,57,3,Ya,450000
TRX00202,2026-02-28,Bandung,Laptop,HP 14,11350000,3,34050000,Debit,Laki-laki,31,4,Tidak,360000
TRX00203,2026-05-21,Surabaya,Smartphone,Samsung Galaxy A15,10000000,5,54496000,Debit,Laki-laki,48,5,Ya,430000
TRX00204,2026-01-18,Surabaya,Laptop,Lenovo IdeaPad Slim 3,8850000,5,44250000,Kredit,Laki-laki,59,1,Tidak,740000
TRX00205,2026-04-29,Surabaya,Elektronik Rumah Tangga,Rice Cooker Digital,6300000,2,14743000,E-Wallet,Perempuan,49,5,Ya,580000
TRX00206,2026-03-12,Bandung,Smartphone,Vivo V30,3950000,1,4468000,Kredit,Laki-laki,32,4,Ya,430000
TRX00207,2026-01-01,Bandung,Elektronik Rumah Tangga,"Smart TV 43""",5450000,3,16350000,Debit,Laki-laki,27,4,Tidak,360000
TRX00208,2026-05-11,Surabaya,Elektronik Rumah Tangga,"Smart TV 43""",6050000,1,6050000,Kredit,Laki-laki,55,5,Tidak,600000
TRX00209,2026-03-22,Jakarta,Laptop,HP 14,7700000,4,36828000,Debit,Laki-laki,46,3,Ya,1070000
TRX00210,2026-06-12,Malang,Smartphone,Xiaomi Redmi Note 14,6900000,4,27600000,Debit,Laki-laki,35,3,Tidak,430000
TRX00211,2026-04-13,Bandung,Laptop,Acer Aspire 5,7100000,1,7100000,E-Wallet,Perempuan,35,3,Tidak,440000
TRX00212,2026-03-22,Malang,Smartphone,Samsung Galaxy A15,2600000,2,6371000,E-Wallet,Perempuan,30,4,Ya,500000
TRX00213,2026-03-18,Bandung,Laptop,ASUS Vivobook 14,16800000,1,19799000,Kredit,Perempuan,55,5,Ya,380000
TRX00214,2026-04-15,Surabaya,Elektronik Rumah Tangga,Kipas Angin,5050000,2,10100000,Kredit,Perempuan,20,3,Tidak,560000
TRX00215,2026-02-10,Surabaya,Smartphone,Vivo V30,10700000,2,21400000,Debit,Laki-laki,31,3,Tidak,540000
TRX00216,2026-04-14,Jakarta,Elektronik Rumah Tangga,"Smart TV 43""",1950000,5,9750000,Debit,Perempuan,22,1,Tidak,750000
TRX00217,2026-05-11,Surabaya,Elektronik Rumah Tangga,Air Fryer,1300000,6,7800000,Kredit,Laki-laki,45,4,Tidak,620000
TRX00218,2026-06-18,Surabaya,Elektronik Rumah Tangga,"Smart TV 43""",1800000,4,7200000,Tunai,Perempuan,60,4,Tidak,640000
TRX00219,2026-01-21,Jakarta,Elektronik Rumah Tangga,"Smart TV 43""",2600000,1,3033000,E-Wallet,Laki-laki,40,4,Ya,980000
TRX00220,2026-05-23,Jakarta,Aksesoris,Power Bank,1000000,1,1000000,E-Wallet,Laki-laki,44,4,Tidak,860000
TRX00221,2026-01-11,Malang,Smartphone,Samsung Galaxy A15,7250000,2,14500000,Debit,Laki-laki,49,4,Tidak,490000
TRX00222,2026-04-15,Surabaya,Laptop,Lenovo IdeaPad Slim 3,14650000,2,29300000,Debit,Laki-laki,25,1,Tidak,690000
TRX00223,2026-05-13,Jakarta,Smartphone,OPPO Reno 12,9200000,1,9677000,Tunai,Laki-laki,27,4,Ya,1080000
TRX00224,2026-01-14,Jakarta,Aksesoris,Power Bank,250000,6,1500000,Tunai,Laki-laki,35,4,Tidak,750000
TRX00225,2026-03-15,Malang,Smartphone,OPPO Reno 12,8450000,4,36298000,E-Wallet,Perempuan,44,4,Ya,340000
TRX00226,2026-01-15,Bandung,Elektronik Rumah Tangga,Kipas Angin,2150000,3,6450000,Debit,Laki-laki,41,4,Tidak,420000
TRX00227,2026-05-21,Surabaya,Laptop,HP 14,8300000,3,24900000,Kredit,Perempuan,29,3,Tidak,530000
TRX00228,2026-01-20,Jakarta,Smartphone,Xiaomi Redmi Note 14,10950000,2,21900000,E-Wallet,Laki-laki,41,2,Tidak,800000
TRX00229,2026-06-21,Bandung,Elektronik Rumah Tangga,"Smart TV 43""",3900000,2,7800000,E-Wallet,Perempuan,19,5,Tidak,470000
TRX00230,2026-06-03,Jakarta,Aksesoris,Power Bank,800000,3,2581000,Kredit,Laki-laki,39,3,Ya,840000
TRX00231,2026-01-14,Bandung,Aksesoris,Mouse Wireless,850000,2,1700000,E-Wallet,Perempuan,24,2,Tidak,390000
TRX00232,2026-04-08,Bandung,Elektronik Rumah Tangga,Air Fryer,3850000,2,7700000,Debit,Perempuan,38,3,Tidak,360000
TRX00233,2026-04-17,Bandung,Elektronik Rumah Tangga,Air Fryer,6300000,4,25200000,E-Wallet,Laki-laki,40,4,Tidak,440000
TRX00234,2026-05-14,Malang,Smartphone,OPPO Reno 12,5500000,2,11000000,Kredit,Laki-laki,55,2,Tidak,490000
TRX00235,2026-05-06,Malang,Smartphone,OPPO Reno 12,3950000,1,3950000,Debit,Laki-laki,59,5,Tidak,430000
TRX00236,2026-02-22,Surabaya,Elektronik Rumah Tangga,Rice Cooker Digital,4850000,3,14550000,E-Wallet,Perempuan,54,4,Tidak,560000
TRX00237,2026-04-30,Surabaya,Smartphone,OPPO Reno 12,11600000,1,12630000,E-Wallet,Laki-laki,58,5,Ya,560000
TRX00238,2026-05-03,Surabaya,Smartphone,OPPO Reno 12,8150000,1,8150000,E-Wallet,Laki-laki,41,5,Tidak,690000
TRX00239,2026-02-27,Jakarta,Aksesoris,Mouse Wireless,600000,1,600000,Debit,Perempuan,42,4,Tidak,1040000
TRX00240,2026-04-18,Surabaya,Smartphone,Vivo V30,3550000,2,7100000,E-Wallet,Laki-laki,45,4,Tidak,650000
TRX00241,2026-02-03,Malang,Elektronik Rumah Tangga,"Smart TV 43""",1600000,3,4800000,Tunai,Perempuan,42,4,Tidak,460000
TRX00242,2026-05-07,Bandung,Aksesoris,Headset Bluetooth,150000,1,150000,E-Wallet,Perempuan,25,4,Tidak,360000
TRX00243,2026-05-15,Surabaya,Aksesoris,Keyboard Mechanical,450000,2,1090000,E-Wallet,Laki-laki,25,5,Ya,600000
TRX00244,2026-02-24,Malang,Smartphone,Xiaomi Redmi Note 14,2150000,2,4300000,Kredit,Perempuan,55,2,Tidak,380000
TRX00245,2026-02-01,Jakarta,Smartphone,OPPO Reno 12,6650000,3,19950000,Kredit,Perempuan,32,5,Tidak,900000
TRX00246,2026-01-05,Surabaya,Smartphone,OPPO Reno 12,8650000,1,8650000,Debit,Perempuan,35,4,Tidak,760000
TRX00247,2026-03-18,Malang,Aksesoris,Headset Bluetooth,1200000,2,2617000,Kredit,Perempuan,60,4,Ya,360000
TRX00248,2026-01-19,Bandung,Elektronik Rumah Tangga,Rice Cooker Digital,2100000,1,2100000,Kredit,Laki-laki,28,5,Tidak,450000
TRX00249,2026-05-04,Jakarta,Laptop,Lenovo IdeaPad Slim 3,14450000,5,72250000,E-Wallet,Perempuan,57,4,Tidak,880000
TRX00250,2026-01-20,Bandung,Smartphone,Xiaomi Redmi Note 14,7100000,1,7100000,E-Wallet,Laki-laki,22,4,Tidak,410000
TRX00251,2026-01-23,Bandung,Smartphone,Vivo V30,5500000,5,27500000,E-Wallet,Laki-laki,23,4,Tidak,450000
TRX00252,2026-04-14,Bandung,Smartphone,Vivo V30,7750000,3,23250000,E-Wallet,Laki-laki,54,4,Tidak,340000
TRX00253,2026-03-01,Malang,Laptop,HP 14,12700000,2,25400000,Debit,Perempuan,21,2,Tidak,340000
TRX00254,2026-02-13,Malang,Laptop,Acer Aspire 5,11200000,3,33600000,E-Wallet,Perempuan,20,2,Tidak,430000
TRX00255,2026-02-13,Malang,Elektronik Rumah Tangga,Air Fryer,3150000,3,10358000,Kredit,Perempuan,36,3,Ya,500000
TRX00256,2026-03-24,Surabaya,Laptop,Lenovo IdeaPad Slim 3,10400000,2,24189000,Kredit,Laki-laki,18,4,Ya,590000
TRX00257,2026-02-06,Surabaya,Smartphone,Samsung Galaxy A15,3350000,2,7351000,E-Wallet,Laki-laki,50,3,Ya,440000
TRX00258,2026-05-12,Bandung,Elektronik Rumah Tangga,Kipas Angin,5800000,1,6640000,Kredit,Laki-laki,51,4,Ya,350000
TRX00259,2026-05-14,Malang,Aksesoris,Keyboard Mechanical,1000000,4,4000000,E-Wallet,Perempuan,52,4,Tidak,420000
TRX00260,2026-02-21,Malang,Smartphone,Vivo V30,10600000,1,10600000,Kredit,Perempuan,52,4,Tidak,520000
TRX00261,2026-05-12,Malang,Smartphone,Samsung Galaxy A15,10250000,3,30750000,Debit,Laki-laki,28,3,Tidak,410000
TRX00262,2026-05-26,Jakarta,Elektronik Rumah Tangga,Kipas Angin,1750000,3,5250000,Kredit,Laki-laki,29,4,Tidak,840000
TRX00263,2026-06-29,Bandung,Smartphone,Samsung Galaxy A15,5350000,5,26750000,Kredit,Laki-laki,27,4,Tidak,420000
TRX00264,2026-01-23,Jakarta,Elektronik Rumah Tangga,Air Fryer,6950000,1,7835000,Debit,Laki-laki,57,2,Ya,780000
TRX00265,2026-04-22,Bandung,Smartphone,Vivo V30,2350000,1,2758000,Kredit,Perempuan,33,4,Ya,330000
TRX00266,2026-03-09,Bandung,Elektronik Rumah Tangga,"Smart TV 43""",3850000,2,9482000,E-Wallet,Laki-laki,20,3,Ya,480000
TRX00267,2026-03-24,Surabaya,Laptop,Lenovo IdeaPad Slim 3,12650000,1,14730000,E-Wallet,Perempuan,30,3,Ya,690000
TRX00268,2026-05-27,Malang,Aksesoris,Keyboard Mechanical,500000,1,500000,E-Wallet,Perempuan,24,4,Tidak,580000
TRX00269,2026-04-02,Surabaya,Smartphone,Samsung Galaxy A15,6750000,2,13500000,Tunai,Perempuan,39,4,Tidak,590000
TRX00270,2026-06-14,Surabaya,Laptop,Lenovo IdeaPad Slim 3,14250000,2,30988000,E-Wallet,Laki-laki,28,5,Ya,590000
TRX00271,2026-04-16,Malang,Smartphone,Xiaomi Redmi Note 14,4850000,3,17792000,Debit,Laki-laki,51,4,Ya,410000
TRX00272,2026-05-11,Malang,Smartphone,Samsung Galaxy A15,10650000,2,23010000,Tunai,Laki-laki,54,2,Ya,410000
TRX00273,2026-01-04,Jakarta,Smartphone,Xiaomi Redmi Note 14,8650000,1,8650000,E-Wallet,Laki-laki,53,3,Tidak,930000
TRX00274,2026-06-27,Jakarta,Laptop,ASUS Vivobook 14,8150000,1,8150000,E-Wallet,Perempuan,56,4,Tidak,1050000
TRX00275,2026-02-06,Bandung,Smartphone,Xiaomi Redmi Note 14,8750000,1,8750000,Kredit,Laki-laki,27,3,Tidak,400000
TRX00276,2026-06-26,Surabaya,Laptop,Acer Aspire 5,13850000,3,41550000,E-Wallet,Perempuan,26,5,Tidak,530000
TRX00277,2026-04-22,Surabaya,Laptop,Lenovo IdeaPad Slim 3,10450000,3,31350000,E-Wallet,Laki-laki,52,4,Tidak,650000
TRX00278,2026-05-06,Surabaya,Elektronik Rumah Tangga,Rice Cooker Digital,400000,1,400000,Kredit,Perempuan,37,4,Tidak,670000
TRX00279,2026-03-20,Jakarta,Aksesoris,Mouse Wireless,450000,1,543000,E-Wallet,Perempuan,18,4,Ya,990000
TRX00280,2026-02-28,Bandung,Laptop,Acer Aspire 5,9750000,3,33044000,Kredit,Perempuan,20,5,Ya,320000
TRX00281,2026-04-01,Surabaya,Smartphone,Samsung Galaxy A15,9200000,2,18400000,E-Wallet,Laki-laki,40,2,Tidak,540000
TRX00282,2026-03-05,Bandung,Laptop,ASUS Vivobook 14,17400000,2,34800000,Kredit,Perempuan,31,2,Tidak,400000
TRX00283,2026-01-24,Jakarta,Smartphone,OPPO Reno 12,6800000,4,27200000,E-Wallet,Laki-laki,47,4,Tidak,830000
TRX00284,2026-01-07,Malang,Smartphone,OPPO Reno 12,2650000,2,5300000,Debit,Laki-laki,45,3,Tidak,520000
TRX00285,2026-01-08,Bandung,Smartphone,Vivo V30,8800000,2,17600000,Debit,Laki-laki,42,4,Tidak,400000
TRX00286,2026-04-14,Jakarta,Smartphone,Samsung Galaxy A15,6200000,4,24800000,E-Wallet,Laki-laki,48,4,Tidak,990000
TRX00287,2026-01-10,Jakarta,Smartphone,Xiaomi Redmi Note 14,2950000,1,2950000,Kredit,Laki-laki,23,5,Tidak,870000
TRX00288,2026-03-27,Bandung,Smartphone,Vivo V30,10350000,4,50837000,E-Wallet,Laki-laki,38,2,Ya,470000
TRX00289,2026-04-07,Surabaya,Aksesoris,Keyboard Mechanical,500000,1,500000,Debit,Laki-laki,48,5,Tidak,610000
TRX00290,2026-03-30,Malang,Smartphone,Samsung Galaxy A15,5050000,1,5050000,E-Wallet,Laki-laki,41,5,Tidak,360000
TRX00291,2026-01-12,Surabaya,Laptop,Lenovo IdeaPad Slim 3,9250000,1,9250000,E-Wallet,Perempuan,56,4,Tidak,630000
TRX00292,2026-06-02,Surabaya,Aksesoris,Keyboard Mechanical,400000,2,800000,Tunai,Laki-laki,18,4,Tidak,590000
TRX00293,2026-01-06,Malang,Smartphone,OPPO Reno 12,11550000,4,52360000,Kredit,Perempuan,22,4,Ya,500000
TRX00294,2026-02-25,Surabaya,Laptop,Lenovo IdeaPad Slim 3,16450000,2,32900000,Debit,Laki-laki,49,5,Tidak,270000
TRX00295,2026-05-11,Surabaya,Aksesoris,Power Bank,750000,2,1769000,E-Wallet,Laki-laki,23,5,Ya,630000
TRX00296,2026-01-09,Jakarta,Smartphone,Vivo V30,7700000,5,41880000,Kredit,Perempuan,48,4,Ya,830000
TRX00297,2026-05-02,Malang,Smartphone,Samsung Galaxy A15,2150000,3,6450000,Kredit,Perempuan,34,4,Tidak,520000
TRX00298,2026-01-06,Jakarta,Elektronik Rumah Tangga,Air Fryer,350000,2,750000,E-Wallet,Perempuan,59,3,Ya,1060000
TRX00299,2026-06-22,Malang,Elektronik Rumah Tangga,Kipas Angin,1450000,1,1450000,E-Wallet,Laki-laki,50,2,Tidak,370000
TRX00300,2026-02-27,Surabaya,Smartphone,OPPO Reno 12,5250000,1,6168000,Tunai,Perempuan,58,4,Ya,610000
TRX00301,2026-02-19,Jakarta,Laptop,ASUS Vivobook 14,13350000,2,28775000,Tunai,Perempuan,51,3,Ya,790000
TRX00302,2026-06-09,Surabaya,Elektronik Rumah Tangga,Kipas Angin,5100000,2,10200000,Debit,Laki-laki,46,4,Tidak,520000
TRX00303,2026-03-18,Malang,Elektronik Rumah Tangga,Air Fryer,1200000,1,1273000,Kredit,Laki-laki,44,4,Ya,580000
TRX00304,2026-05-15,Surabaya,Aksesoris,Headset Bluetooth,850000,2,1700000,E-Wallet,Laki-laki,56,4,Tidak,860000
TRX00305,2026-05-20,Bandung,Smartphone,Xiaomi Redmi Note 14,11600000,3,34800000,Debit,Perempuan,18,3,Tidak,360000
TRX00306,2026-06-18,Jakarta,Elektronik Rumah Tangga,Rice Cooker Digital,4050000,4,16200000,Debit,Laki-laki,45,3,Tidak,500000
TRX00307,2026-01-10,Surabaya,Smartphone,Samsung Galaxy A15,11750000,1,11750000,Debit,Laki-laki,19,5,Tidak,480000
TRX00308,2026-06-24,Jakarta,Smartphone,Vivo V30,5300000,1,5960000,Tunai,Perempuan,19,4,Ya,780000
TRX00309,2026-03-01,Jakarta,Elektronik Rumah Tangga,Air Fryer,4850000,3,14550000,Tunai,Perempuan,34,4,Tidak,720000
TRX00310,2026-06-01,Bandung,Elektronik Rumah Tangga,Rice Cooker Digital,5300000,3,17309000,Kredit,Laki-laki,58,5,Ya,340000
TRX00311,2026-03-22,Jakarta,Laptop,HP 14,7150000,1,8039000,Debit,Laki-laki,40,4,Ya,910000
TRX00312,2026-01-14,Bandung,Elektronik Rumah Tangga,"Smart TV 43""",600000,2,1422000,Tunai,Laki-laki,27,5,Ya,580000
TRX00313,2026-02-21,Surabaya,Laptop,Acer Aspire 5,11550000,1,11550000,Tunai,Laki-laki,22,3,Tidak,590000
TRX00314,2026-02-11,Jakarta,Smartphone,Samsung Galaxy A15,6150000,1,6150000,Debit,Perempuan,35,1,Tidak,910000
TRX00315,2026-04-11,Bandung,Aksesoris,Headset Bluetooth,1200000,2,2652000,E-Wallet,Laki-laki,25,5,Ya,430000
TRX00316,2026-05-27,Surabaya,Laptop,Lenovo IdeaPad Slim 3,12900000,2,30769000,E-Wallet,Perempuan,54,5,Ya,720000
TRX00317,2026-01-26,Malang,Laptop,HP 14,10100000,6,60600000,Tunai,Laki-laki,55,4,Tidak,520000
TRX00318,2026-01-15,Surabaya,Elektronik Rumah Tangga,"Smart TV 43""",5350000,1,5350000,Tunai,Laki-laki,58,4,Tidak,580000
TRX00319,2026-01-28,Jakarta,Smartphone,Xiaomi Redmi Note 14,9150000,1,9150000,Debit,Laki-laki,37,3,Tidak,930000
TRX00320,2026-06-14,Bandung,Smartphone,Xiaomi Redmi Note 14,10700000,5,53500000,Tunai,Laki-laki,58,1,Tidak,380000
TRX00321,2026-02-10,Surabaya,Elektronik Rumah Tangga,Air Fryer,1250000,1,1447000,Debit,Laki-laki,20,5,Ya,690000
TRX00322,2026-03-06,Jakarta,Laptop,HP 14,13650000,3,40950000,Debit,Perempuan,42,4,Tidak,920000
TRX00323,2026-06-07,Jakarta,Aksesoris,Power Bank,1100000,1,1100000,Debit,Laki-laki,22,4,Tidak,750000
TRX00324,2026-03-10,Jakarta,Smartphone,Vivo V30,11550000,3,39559000,E-Wallet,Perempuan,24,2,Ya,1170000
TRX00325,2026-03-19,Jakarta,Laptop,ASUS Vivobook 14,7100000,2,15357000,Kredit,Perempuan,42,3,Ya,830000
TRX00326,2026-06-26,Surabaya,Aksesoris,Keyboard Mechanical,250000,3,750000,Debit,Perempuan,44,5,Tidak,590000
TRX00327,2026-05-13,Jakarta,Smartphone,Vivo V30,8650000,2,19681000,Tunai,Laki-laki,58,3,Ya,670000
TRX00328,2026-01-23,Surabaya,Laptop,Acer Aspire 5,8900000,1,8900000,Tunai,Perempuan,27,2,Tidak,540000
TRX00329,2026-05-20,Surabaya,Smartphone,Samsung Galaxy A15,5850000,5,29250000,E-Wallet,Laki-laki,52,4,Tidak,630000
TRX00330,2026-04-26,Bandung,Smartphone,Xiaomi Redmi Note 14,11950000,2,26729000,Debit,Perempuan,41,3,Ya,330000
TRX00331,2026-01-08,Surabaya,Smartphone,Samsung Galaxy A15,4450000,2,8900000,E-Wallet,Laki-laki,18,3,Tidak,710000
TRX00332,2026-06-08,Malang,Aksesoris,Keyboard Mechanical,1150000,2,2300000,Debit,Perempuan,29,4,Tidak,400000
TRX00333,2026-04-23,Surabaya,Smartphone,Samsung Galaxy A15,3150000,2,6300000,E-Wallet,Laki-laki,18,5,Tidak,770000
TRX00334,2026-04-15,Malang,Smartphone,Vivo V30,6000000,1,6000000,Debit,Perempuan,29,5,Tidak,500000
TRX00335,2026-04-08,Jakarta,Smartphone,Samsung Galaxy A15,9100000,6,54600000,Kredit,Laki-laki,38,4,Tidak,980000
TRX00336,2026-01-03,Jakarta,Smartphone,Vivo V30,6100000,1,6100000,Kredit,Perempuan,20,3,Tidak,1070000
TRX00337,2026-03-08,Surabaya,Smartphone,Xiaomi Redmi Note 14,6550000,4,29422000,E-Wallet,Laki-laki,48,5,Ya,660000
TRX00338,2026-03-25,Surabaya,Smartphone,Xiaomi Redmi Note 14,7000000,1,8669000,Debit,Perempuan,38,5,Ya,720000
TRX00339,2026-06-09,Malang,Smartphone,OPPO Reno 12,2550000,1,3020000,Debit,Laki-laki,51,5,Ya,460000
TRX00340,2026-05-12,Jakarta,Aksesoris,Headset Bluetooth,800000,5,4000000,Kredit,Laki-laki,57,2,Tidak,820000
TRX00341,2026-02-24,Bandung,Aksesoris,Headset Bluetooth,700000,2,1400000,Debit,Perempuan,21,1,Tidak,290000
TRX00342,2026-06-13,Surabaya,Laptop,HP 14,11050000,1,11050000,Kredit,Laki-laki,40,3,Tidak,590000
TRX00343,2026-02-10,Jakarta,Aksesoris,Headset Bluetooth,400000,5,2433000,E-Wallet,Laki-laki,60,3,Ya,1130000
TRX00344,2026-06-04,Malang,Smartphone,Samsung Galaxy A15,4600000,2,9200000,Debit,Laki-laki,37,3,Tidak,520000
TRX00345,2026-03-16,Surabaya,Aksesoris,Power Bank,250000,3,867000,Kredit,Laki-laki,19,1,Ya,480000
TRX00346,2026-04-07,Surabaya,Elektronik Rumah Tangga,"Smart TV 43""",4100000,2,8200000,Debit,Perempuan,25,4,Tidak,480000
TRX00347,2026-04-09,Jakarta,Smartphone,OPPO Reno 12,4400000,1,4400000,Debit,Laki-laki,57,1,Tidak,890000
TRX00348,2026-03-30,Jakarta,Elektronik Rumah Tangga,"Smart TV 43""",5800000,2,11600000,Tunai,Perempuan,21,4,Tidak,1000000
TRX00349,2026-03-05,Surabaya,Laptop,Lenovo IdeaPad Slim 3,8650000,3,32129000,Debit,Perempuan,45,3,Ya,550000
TRX00350,2026-05-28,Jakarta,Aksesoris,Power Bank,250000,4,1184000,Kredit,Perempuan,47,4,Ya,910000
TRX00351,2026-02-25,Surabaya,Smartphone,OPPO Reno 12,5050000,5,25250000,Kredit,Perempuan,30,3,Tidak,610000
TRX00352,2026-01-31,Jakarta,Smartphone,OPPO Reno 12,3050000,1,3050000,Debit,Laki-laki,51,4,Tidak,1080000
TRX00353,2026-05-11,Jakarta,Smartphone,Vivo V30,4600000,1,5594000,E-Wallet,Perempuan,22,5,Ya,640000
TRX00354,2026-04-05,Jakarta,Aksesoris,Headset Bluetooth,600000,3,1800000,Debit,Perempuan,42,5,Tidak,1110000
TRX00355,2026-03-24,Bandung,Smartphone,OPPO Reno 12,8250000,3,24750000,E-Wallet,Laki-laki,20,3,Tidak,400000
TRX00356,2026-05-06,Bandung,Laptop,Acer Aspire 5,12500000,2,25000000,Tunai,Laki-laki,50,5,Tidak,400000
TRX00357,2026-04-30,Jakarta,Laptop,Lenovo IdeaPad Slim 3,8600000,4,34400000,E-Wallet,Perempuan,39,1,Tidak,1270000
TRX00358,2026-03-23,Malang,Elektronik Rumah Tangga,Rice Cooker Digital,4550000,2,9936000,Kredit,Laki-laki,58,4,Ya,380000
TRX00359,2026-05-17,Malang,Smartphone,Xiaomi Redmi Note 14,10300000,6,61800000,Debit,Perempuan,37,4,Tidak,470000
TRX00360,2026-02-23,Bandung,Smartphone,OPPO Reno 12,6650000,1,6650000,Tunai,Laki-laki,37,5,Tidak,310000
TRX00361,2026-01-14,Surabaya,Elektronik Rumah Tangga,"Smart TV 43""",4550000,4,18200000,Debit,Perempuan,27,4,Tidak,630000
TRX00362,2026-06-07,Surabaya,Laptop,ASUS Vivobook 14,17000000,1,17000000,Kredit,Laki-laki,21,2,Tidak,500000
TRX00363,2026-03-17,Jakarta,Aksesoris,Power Bank,300000,2,660000,Tunai,Laki-laki,18,5,Ya,1000000
TRX00364,2026-04-21,Surabaya,Smartphone,OPPO Reno 12,2650000,3,7950000,E-Wallet,Laki-laki,30,4,Tidak,620000
TRX00365,2026-02-25,Surabaya,Elektronik Rumah Tangga,Rice Cooker Digital,6850000,6,41100000,Tunai,Laki-laki,18,5,Tidak,600000
TRX00366,2026-01-07,Jakarta,Laptop,ASUS Vivobook 14,11200000,4,49366000,Kredit,Laki-laki,33,1,Ya,660000
TRX00367,2026-06-07,Malang,Smartphone,Vivo V30,10150000,4,40600000,Debit,Laki-laki,19,4,Tidak,250000
TRX00368,2026-01-13,Bandung,Elektronik Rumah Tangga,Rice Cooker Digital,2300000,4,9200000,Tunai,Perempuan,29,3,Tidak,350000
TRX00369,2026-03-29,Malang,Elektronik Rumah Tangga,"Smart TV 43""",5150000,2,11315000,Kredit,Perempuan,56,5,Ya,510000
TRX00370,2026-05-06,Jakarta,Laptop,HP 14,10250000,1,11212000,E-Wallet,Perempuan,35,4,Ya,1030000
TRX00371,2026-02-24,Bandung,Laptop,ASUS Vivobook 14,17550000,2,35100000,Kredit,Laki-laki,27,5,Tidak,380000
TRX00372,2026-04-02,Surabaya,Smartphone,Vivo V30,3800000,3,11400000,E-Wallet,Perempuan,56,3,Tidak,520000
TRX00373,2026-02-25,Malang,Laptop,Lenovo IdeaPad Slim 3,14850000,2,29700000,E-Wallet,Laki-laki,25,4,Tidak,420000
TRX00374,2026-03-21,Jakarta,Smartphone,OPPO Reno 12,9100000,2,21202000,E-Wallet,Laki-laki,23,4,Ya,1120000
TRX00375,2026-04-24,Surabaya,Aksesoris,Power Bank,900000,1,1112000,E-Wallet,Laki-laki,20,4,Ya,640000
TRX00376,2026-04-22,Malang,Elektronik Rumah Tangga,Rice Cooker Digital,1150000,5,5750000,E-Wallet,Laki-laki,58,4,Tidak,430000
TRX00377,2026-02-19,Jakarta,Smartphone,Xiaomi Redmi Note 14,10300000,1,10300000,E-Wallet,Laki-laki,53,5,Tidak,870000
TRX00378,2026-02-11,Jakarta,Smartphone,Xiaomi Redmi Note 14,9900000,1,9900000,Debit,Laki-laki,21,5,Tidak,770000
TRX00379,2026-03-19,Jakarta,Elektronik Rumah Tangga,Air Fryer,2000000,2,4546000,Tunai,Perempuan,38,4,Ya,770000
TRX00380,2026-01-27,Surabaya,Aksesoris,Mouse Wireless,400000,2,800000,Debit,Laki-laki,55,5,Tidak,550000
TRX00381,2026-01-29,Surabaya,Laptop,ASUS Vivobook 14,9550000,2,19100000,Kredit,Perempuan,53,5,Tidak,630000
TRX00382,2026-01-23,Surabaya,Laptop,Acer Aspire 5,15600000,1,15600000,E-Wallet,Laki-laki,21,4,Tidak,810000
TRX00383,2026-03-29,Jakarta,Laptop,Lenovo IdeaPad Slim 3,11450000,1,13184000,E-Wallet,Laki-laki,24,5,Ya,930000
TRX00384,2026-06-30,Surabaya,Aksesoris,Headset Bluetooth,500000,1,500000,Debit,Laki-laki,29,5,Tidak,580000
TRX00385,2026-02-10,Malang,Smartphone,OPPO Reno 12,3600000,2,7200000,E-Wallet,Perempuan,30,4,Tidak,540000
TRX00386,2026-01-06,Jakarta,Laptop,Acer Aspire 5,8000000,1,9856000,Debit,Perempuan,24,3,Ya,870000
TRX00387,2026-04-26,Malang,Laptop,Lenovo IdeaPad Slim 3,13050000,5,65250000,E-Wallet,Laki-laki,43,4,Tidak,390000
TRX00388,2026-04-16,Jakarta,Aksesoris,Headset Bluetooth,1000000,3,3000000,Debit,Perempuan,23,3,Tidak,1000000
TRX00389,2026-04-15,Malang,Laptop,ASUS Vivobook 14,10450000,3,31350000,Kredit,Perempuan,27,5,Tidak,450000
TRX00390,2026-04-21,Malang,Laptop,Lenovo IdeaPad Slim 3,14550000,4,58200000,Tunai,Laki-laki,22,3,Tidak,520000
TRX00391,2026-06-29,Malang,Smartphone,Samsung Galaxy A15,6950000,1,6950000,Debit,Laki-laki,50,4,Tidak,530000
TRX00392,2026-02-25,Surabaya,Elektronik Rumah Tangga,Air Fryer,5100000,2,11723000,Tunai,Perempuan,28,5,Ya,660000
TRX00393,2026-01-18,Jakarta,Aksesoris,Headset Bluetooth,400000,1,400000,E-Wallet,Perempuan,24,5,Tidak,740000
TRX00394,2026-04-07,Malang,Aksesoris,Keyboard Mechanical,1050000,2,2100000,Kredit,Laki-laki,38,5,Tidak,500000
TRX00395,2026-01-29,Surabaya,Smartphone,Samsung Galaxy A15,5750000,1,5750000,Debit,Laki-laki,33,1,Tidak,410000
TRX00396,2026-06-19,Surabaya,Aksesoris,Mouse Wireless,700000,4,2800000,Kredit,Perempuan,45,4,Tidak,780000
TRX00397,2026-03-30,Malang,Laptop,ASUS Vivobook 14,17350000,1,20658000,Kredit,Perempuan,46,4,Ya,470000
TRX00398,2026-01-13,Surabaya,Smartphone,Vivo V30,8050000,4,32200000,E-Wallet,Laki-laki,28,5,Tidak,750000
TRX00399,2026-03-28,Malang,Laptop,Lenovo IdeaPad Slim 3,14200000,1,14200000,Kredit,Laki-laki,47,4,Tidak,470000
TRX00400,2026-02-13,Jakarta,Aksesoris,Mouse Wireless,750000,5,3994000,E-Wallet,Laki-laki,37,5,Ya,970000
TRX00401,2026-05-14,Malang,Elektronik Rumah Tangga,"Smart TV 43""",4300000,1,4814000,Debit,Perempuan,54,5,Ya,560000
TRX00402,2026-04-30,Malang,Elektronik Rumah Tangga,"Smart TV 43""",950000,1,1108000,E-Wallet,Perempuan,56,4,Ya,450000
TRX00403,2026-05-08,Bandung,Aksesoris,Headset Bluetooth,1200000,1,1441000,Kredit,Perempuan,20,4,Ya,340000
TRX00404,2026-06-09,Malang,Smartphone,Vivo V30,4800000,1,5490000,Debit,Laki-laki,59,5,Ya,450000
TRX00405,2026-06-29,Malang,Smartphone,OPPO Reno 12,10100000,3,30300000,Debit,Laki-laki,33,4,Tidak,360000
TRX00406,2026-04-12,Jakarta,Smartphone,Vivo V30,11150000,1,11150000,E-Wallet,Laki-laki,30,5,Tidak,750000
TRX00407,2026-04-29,Surabaya,Elektronik Rumah Tangga,Rice Cooker Digital,6000000,5,30000000,Debit,Perempuan,40,2,Tidak,550000
TRX00408,2026-06-11,Bandung,Smartphone,Samsung Galaxy A15,10150000,1,10150000,Debit,Laki-laki,31,3,Tidak,380000
TRX00409,2026-03-14,Bandung,Smartphone,OPPO Reno 12,9600000,1,10626000,Debit,Perempuan,60,3,Ya,380000
TRX00410,2026-05-31,Malang,Elektronik Rumah Tangga,Rice Cooker Digital,6650000,1,6650000,E-Wallet,Laki-laki,18,3,Tidak,550000
TRX00411,2026-03-21,Jakarta,Laptop,ASUS Vivobook 14,15750000,5,91787000,Kredit,Laki-laki,27,4,Ya,950000
TRX00412,2026-04-09,Surabaya,Smartphone,OPPO Reno 12,8950000,3,26850000,E-Wallet,Perempuan,47,4,Tidak,600000
TRX00413,2026-04-09,Jakarta,Smartphone,Samsung Galaxy A15,2950000,1,2950000,E-Wallet,Perempuan,28,4,Tidak,800000
TRX00414,2026-02-15,Jakarta,Elektronik Rumah Tangga,Air Fryer,6150000,3,18450000,Tunai,Perempuan,22,4,Tidak,960000
TRX00415,2026-05-21,Malang,Aksesoris,Mouse Wireless,200000,1,200000,E-Wallet,Perempuan,56,4,Tidak,550000
TRX00416,2026-02-01,Surabaya,Elektronik Rumah Tangga,Kipas Angin,2150000,2,5342000,Tunai,Perempuan,33,5,Ya,520000
TRX00417,2026-03-05,Surabaya,Aksesoris,Power Bank,750000,4,3000000,Debit,Laki-laki,19,4,Tidak,670000
TRX00418,2026-05-27,Jakarta,Smartphone,Xiaomi Redmi Note 14,5350000,1,5350000,E-Wallet,Perempuan,21,1,Tidak,900000
TRX00419,2026-05-25,Malang,Smartphone,OPPO Reno 12,8350000,3,25050000,Tunai,Perempuan,46,3,Tidak,470000
TRX00420,2026-06-03,Malang,Aksesoris,Mouse Wireless,550000,6,3300000,Debit,Laki-laki,37,1,Tidak,370000
TRX00421,2026-04-11,Jakarta,Laptop,Lenovo IdeaPad Slim 3,9350000,3,28050000,Kredit,Laki-laki,29,4,Tidak,1010000
TRX00422,2026-01-07,Surabaya,Smartphone,Xiaomi Redmi Note 14,3200000,1,3200000,E-Wallet,Perempuan,58,3,Tidak,640000
TRX00423,2026-06-10,Malang,Laptop,ASUS Vivobook 14,9400000,1,9400000,Debit,Laki-laki,34,3,Tidak,390000
TRX00424,2026-04-30,Malang,Laptop,ASUS Vivobook 14,10950000,3,32850000,E-Wallet,Perempuan,58,3,Tidak,370000
TRX00425,2026-05-08,Jakarta,Smartphone,OPPO Reno 12,12000000,1,12000000,Kredit,Perempuan,54,5,Tidak,920000
TRX00426,2026-04-15,Jakarta,Aksesoris,Mouse Wireless,650000,5,3643000,Debit,Perempuan,45,4,Ya,800000
TRX00427,2026-04-25,Surabaya,Smartphone,Xiaomi Redmi Note 14,4800000,3,14400000,Debit,Laki-laki,49,5,Tidak,470000
TRX00428,2026-06-30,Malang,Smartphone,Xiaomi Redmi Note 14,10450000,4,41800000,Debit,Laki-laki,34,4,Tidak,410000
TRX00429,2026-02-25,Surabaya,Elektronik Rumah Tangga,Rice Cooker Digital,3400000,1,3400000,Debit,Perempuan,39,2,Tidak,760000
TRX00430,2026-01-07,Jakarta,Laptop,ASUS Vivobook 14,15300000,1,15300000,Kredit,Perempuan,56,4,Tidak,1160000
TRX00431,2026-04-05,Surabaya,Smartphone,Vivo V30,11350000,1,11350000,Debit,Laki-laki,59,2,Tidak,580000
TRX00432,2026-01-05,Bandung,Smartphone,Vivo V30,3300000,1,3300000,Tunai,Perempuan,32,4,Tidak,290000
TRX00433,2026-05-31,Surabaya,Aksesoris,Headset Bluetooth,850000,1,850000,Debit,Perempuan,18,4,Tidak,690000
TRX00434,2026-01-05,Surabaya,Smartphone,Vivo V30,6400000,4,25600000,E-Wallet,Laki-laki,41,5,Tidak,640000
TRX00435,2026-05-08,Jakarta,Laptop,ASUS Vivobook 14,13750000,3,41250000,E-Wallet,Laki-laki,37,4,Tidak,960000
TRX00436,2026-02-14,Malang,Smartphone,OPPO Reno 12,10950000,4,43800000,Kredit,Perempuan,21,4,Tidak,390000
TRX00437,2026-05-09,Jakarta,Elektronik Rumah Tangga,Air Fryer,350000,3,1050000,E-Wallet,Perempuan,36,2,Tidak,990000
TRX00438,2026-02-28,Surabaya,Elektronik Rumah Tangga,Rice Cooker Digital,2750000,4,11000000,Tunai,Laki-laki,26,5,Tidak,740000
TRX00439,2026-05-30,Jakarta,Laptop,HP 14,8650000,5,43250000,Kredit,Laki-laki,30,4,Tidak,890000
TRX00440,2026-05-23,Malang,Smartphone,Vivo V30,8050000,4,36348000,E-Wallet,Perempuan,57,4,Ya,390000
TRX00441,2026-02-05,Jakarta,Aksesoris,Headset Bluetooth,150000,1,150000,E-Wallet,Perempuan,49,4,Tidak,1000000
TRX00442,2026-03-30,Surabaya,Aksesoris,Power Bank,750000,1,865000,E-Wallet,Laki-laki,21,3,Ya,660000
TRX00443,2026-04-30,Bandung,Smartphone,Xiaomi Redmi Note 14,6150000,3,18450000,Tunai,Perempuan,42,5,Tidak,430000
TRX00444,2026-02-15,Surabaya,Aksesoris,Headset Bluetooth,650000,1,777000,Kredit,Perempuan,53,4,Ya,550000
TRX00445,2026-05-13,Jakarta,Laptop,Acer Aspire 5,17150000,2,34300000,Debit,Perempuan,59,2,Tidak,990000
TRX00446,2026-06-11,Bandung,Laptop,Acer Aspire 5,16900000,1,16900000,Kredit,Laki-laki,53,5,Tidak,320000
TRX00447,2026-06-05,Malang,Elektronik Rumah Tangga,Air Fryer,3200000,1,3200000,Kredit,Laki-laki,27,5,Tidak,580000
TRX00448,2026-02-02,Surabaya,Aksesoris,Headset Bluetooth,400000,4,1600000,Tunai,Laki-laki,25,3,Tidak,440000
TRX00449,2026-06-05,Bandung,Smartphone,Samsung Galaxy A15,2700000,1,2700000,Kredit,Laki-laki,18,3,Tidak,430000
TRX00450,2026-01-15,Surabaya,Smartphone,OPPO Reno 12,3450000,1,3450000,Tunai,Perempuan,35,5,Tidak,670000
TRX00451,2026-05-29,Bandung,Smartphone,OPPO Reno 12,5650000,1,5650000,E-Wallet,Laki-laki,42,2,Tidak,310000
TRX00452,2026-03-22,Malang,Laptop,ASUS Vivobook 14,16750000,2,40497000,Debit,Laki-laki,32,2,Ya,420000
TRX00453,2026-04-06,Surabaya,Elektronik Rumah Tangga,"Smart TV 43""",3500000,2,7877000,Debit,Perempuan,51,3,Ya,610000
TRX00454,2026-01-28,Jakarta,Elektronik Rumah Tangga,Air Fryer,700000,1,700000,Kredit,Perempuan,29,2,Tidak,1000000
TRX00455,2026-01-20,Surabaya,Aksesoris,Headset Bluetooth,500000,4,2214000,E-Wallet,Laki-laki,47,2,Ya,530000
TRX00456,2026-02-21,Jakarta,Smartphone,Samsung Galaxy A15,6200000,5,32622000,Debit,Laki-laki,18,4,Ya,1030000
TRX00457,2026-06-28,Bandung,Smartphone,Vivo V30,5450000,2,12975000,Kredit,Perempuan,31,4,Ya,420000
TRX00458,2026-02-08,Jakarta,Smartphone,Vivo V30,2550000,2,5100000,Kredit,Perempuan,21,4,Tidak,920000
TRX00459,2026-02-12,Bandung,Laptop,HP 14,9400000,5,47000000,Tunai,Laki-laki,28,2,Tidak,360000
TRX00460,2026-01-17,Malang,Smartphone,Samsung Galaxy A15,10800000,2,21600000,E-Wallet,Perempuan,37,4,Tidak,490000
TRX00461,2026-05-08,Surabaya,Laptop,Lenovo IdeaPad Slim 3,11650000,5,58250000,Debit,Laki-laki,59,5,Tidak,420000
TRX00462,2026-06-03,Bandung,Laptop,HP 14,15800000,2,38489000,E-Wallet,Perempuan,21,1,Ya,300000
TRX00463,2026-05-12,Bandung,Smartphone,Samsung Galaxy A15,8650000,1,8650000,Tunai,Perempuan,57,3,Tidak,530000
TRX00464,2026-06-03,Bandung,Laptop,HP 14,16900000,2,33800000,Kredit,Laki-laki,59,4,Tidak,400000
TRX00465,2026-06-23,Bandung,Aksesoris,Headset Bluetooth,650000,1,650000,Debit,Perempuan,48,4,Tidak,400000
TRX00466,2026-05-03,Bandung,Elektronik Rumah Tangga,Kipas Angin,950000,1,950000,Debit,Perempuan,40,5,Tidak,470000
TRX00467,2026-05-18,Surabaya,Elektronik Rumah Tangga,Kipas Angin,3250000,1,3250000,Kredit,Laki-laki,25,3,Tidak,660000
TRX00468,2026-01-09,Surabaya,Smartphone,OPPO Reno 12,10750000,1,10750000,Tunai,Perempuan,37,4,Tidak,540000
TRX00469,2026-06-16,Jakarta,Laptop,Lenovo IdeaPad Slim 3,10200000,2,20400000,E-Wallet,Perempuan,35,3,Tidak,910000
TRX00470,2026-05-17,Jakarta,Laptop,HP 14,10700000,1,10700000,Debit,Perempuan,39,4,Tidak,910000
TRX00471,2026-01-05,Surabaya,Smartphone,Samsung Galaxy A15,5150000,3,17589000,Debit,Perempuan,50,5,Ya,650000
TRX00472,2026-04-28,Surabaya,Elektronik Rumah Tangga,Kipas Angin,6700000,4,33406000,Kredit,Perempuan,31,3,Ya,560000
TRX00473,2026-03-08,Malang,Laptop,Lenovo IdeaPad Slim 3,15650000,4,62600000,Kredit,Perempuan,32,5,Tidak,390000
TRX00474,2026-03-12,Surabaya,Smartphone,Xiaomi Redmi Note 14,2300000,1,2535000,Tunai,Laki-laki,45,5,Ya,680000
TRX00475,2026-01-01,Surabaya,Elektronik Rumah Tangga,"Smart TV 43""",450000,1,450000,Kredit,Perempuan,21,5,Tidak,560000
TRX00476,2026-01-02,Surabaya,Elektronik Rumah Tangga,"Smart TV 43""",550000,4,2200000,Debit,Perempuan,33,4,Tidak,710000
TRX00477,2026-06-16,Malang,Elektronik Rumah Tangga,Air Fryer,3900000,3,11700000,Kredit,Laki-laki,18,5,Tidak,400000
TRX00478,2026-06-27,Bandung,Laptop,Acer Aspire 5,16750000,1,16750000,Kredit,Laki-laki,59,4,Tidak,290000
TRX00479,2026-02-18,Bandung,Smartphone,Xiaomi Redmi Note 14,9950000,2,19900000,Debit,Laki-laki,34,1,Tidak,370000
TRX00480,2026-02-28,Malang,Aksesoris,Power Bank,1200000,2,2900000,E-Wallet,Perempuan,46,5,Ya,410000
TRX00481,2026-01-24,Surabaya,Elektronik Rumah Tangga,Air Fryer,2750000,3,8250000,Tunai,Perempuan,22,3,Tidak,670000
TRX00482,2026-03-18,Surabaya,Smartphone,Xiaomi Redmi Note 14,6600000,2,14975000,Tunai,Laki-laki,58,2,Ya,450000
TRX00483,2026-01-24,Malang,Aksesoris,Keyboard Mechanical,650000,1,650000,Tunai,Perempuan,38,5,Tidak,590000
TRX00484,2026-03-25,Jakarta,Laptop,HP 14,12250000,1,14924000,Tunai,Perempuan,55,4,Ya,860000
TRX00485,2026-04-11,Jakarta,Laptop,Lenovo IdeaPad Slim 3,15350000,2,30700000,Kredit,Laki-laki,28,3,Tidak,960000
TRX00486,2026-01-02,Surabaya,Laptop,HP 14,7350000,3,26454000,Tunai,Laki-laki,57,5,Ya,740000
TRX00487,2026-06-15,Jakarta,Aksesoris,Headset Bluetooth,750000,1,750000,E-Wallet,Laki-laki,45,2,Tidak,870000
TRX00488,2026-06-13,Bandung,Laptop,Lenovo IdeaPad Slim 3,9350000,5,46750000,E-Wallet,Perempuan,53,2,Tidak,280000
TRX00489,2026-05-05,Jakarta,Laptop,Acer Aspire 5,11050000,1,12740000,Kredit,Perempuan,27,3,Ya,1050000
TRX00490,2026-02-07,Jakarta,Smartphone,Xiaomi Redmi Note 14,1800000,4,7200000,Debit,Laki-laki,38,3,Tidak,790000
TRX00491,2026-05-06,Bandung,Laptop,Acer Aspire 5,14000000,2,28000000,Kredit,Perempuan,20,3,Tidak,470000
TRX00492,2026-04-18,Surabaya,Elektronik Rumah Tangga,Air Fryer,6400000,3,19200000,E-Wallet,Laki-laki,51,3,Tidak,660000
TRX00493,2026-04-24,Surabaya,Aksesoris,Power Bank,1150000,1,1318000,Kredit,Perempuan,54,1,Ya,760000
TRX00494,2026-05-09,Surabaya,Smartphone,Vivo V30,8600000,1,8600000,Debit,Laki-laki,36,4,Tidak,580000
TRX00495,2026-01-10,Bandung,Smartphone,OPPO Reno 12,6300000,1,6300000,Debit,Perempuan,24,4,Tidak,460000
TRX00496,2026-05-15,Surabaya,Laptop,ASUS Vivobook 14,11050000,1,11050000,Kredit,Perempuan,56,4,Tidak,680000
TRX00497,2026-03-15,Jakarta,Aksesoris,Keyboard Mechanical,550000,1,675000,Debit,Perempuan,36,2,Ya,930000
TRX00498,2026-06-27,Malang,Aksesoris,Power Bank,800000,1,877000,Debit,Laki-laki,34,5,Ya,450000
TRX00499,2026-04-26,Surabaya,Smartphone,Vivo V30,10750000,5,53750000,Debit,Perempuan,46,1,Tidak,540000
TRX00500,2026-02-25,Bandung,Laptop,Acer Aspire 5,17400000,1,17400000,Kredit,Perempuan,26,4,Tidak,340000
TRX00501,2026-02-01,Jakarta,Aksesoris,Keyboard Mechanical,400000,6,2400000,Debit,Perempuan,33,3,Tidak,1070000
TRX00502,2026-02-28,Malang,Aksesoris,Power Bank,700000,2,1514000,Kredit,Laki-laki,28,4,Ya,460000
TRX00503,2026-02-07,Surabaya,Aksesoris,Power Bank,750000,1,750000,Kredit,Perempuan,39,4,Tidak,660000
TRX00504,2026-06-14,Jakarta,Smartphone,Samsung Galaxy A15,5300000,1,5603000,E-Wallet,Laki-laki,37,4,Ya,760000
TRX00505,2026-05-24,Bandung,Laptop,Lenovo IdeaPad Slim 3,16550000,3,49650000,E-Wallet,Laki-laki,34,5,Tidak,380000
TRX00506,2026-01-16,Surabaya,Aksesoris,Headset Bluetooth,600000,2,1200000,Kredit,Perempuan,28,3,Tidak,660000
TRX00507,2026-02-07,Surabaya,Aksesoris,Mouse Wireless,450000,1,450000,Kredit,Perempuan,19,2,Tidak,540000
TRX00508,2026-04-30,Malang,Smartphone,OPPO Reno 12,6150000,1,6150000,Debit,Perempuan,55,5,Tidak,400000
TRX00509,2026-06-01,Jakarta,Elektronik Rumah Tangga,Rice Cooker Digital,1000000,5,5000000,Debit,Perempuan,44,5,Tidak,950000
TRX00510,2026-04-19,Jakarta,Smartphone,Samsung Galaxy A15,4800000,1,4800000,Debit,Laki-laki,32,3,Tidak,1220000
TRX00511,2026-06-07,Malang,Aksesoris,Headset Bluetooth,1100000,4,4400000,E-Wallet,Laki-laki,51,2,Tidak,460000
TRX00512,2026-01-23,Surabaya,Laptop,HP 14,9500000,2,19000000,E-Wallet,Laki-laki,58,5,Tidak,520000
TRX00513,2026-06-12,Malang,Aksesoris,Headset Bluetooth,650000,4,3188000,Debit,Laki-laki,45,4,Ya,460000
TRX00514,2026-03-07,Jakarta,Laptop,Lenovo IdeaPad Slim 3,13950000,3,41850000,E-Wallet,Perempuan,30,5,Tidak,800000
TRX00515,2026-02-22,Surabaya,Aksesoris,Mouse Wireless,1000000,1,1000000,Tunai,Laki-laki,48,4,Tidak,480000
TRX00516,2026-04-04,Surabaya,Smartphone,Vivo V30,2950000,2,5900000,Debit,Laki-laki,26,5,Tidak,710000
TRX00517,2026-02-22,Jakarta,Aksesoris,Power Bank,600000,1,600000,Debit,Laki-laki,28,4,Tidak,960000
TRX00518,2026-06-24,Jakarta,Aksesoris,Headset Bluetooth,100000,2,224000,Debit,Laki-laki,41,5,Ya,1050000
TRX00519,2026-04-12,Surabaya,Smartphone,Samsung Galaxy A15,7850000,3,28069000,Tunai,Laki-laki,58,3,Ya,480000
TRX00520,2026-04-23,Surabaya,Laptop,Lenovo IdeaPad Slim 3,10100000,1,11285000,Tunai,Perempuan,36,4,Ya,670000
TRX00521,2026-03-21,Malang,Elektronik Rumah Tangga,Rice Cooker Digital,2750000,2,6782000,Debit,Laki-laki,60,4,Ya,410000
TRX00522,2026-01-31,Jakarta,Aksesoris,Keyboard Mechanical,300000,2,600000,E-Wallet,Laki-laki,50,4,Tidak,960000
TRX00523,2026-01-12,Surabaya,Smartphone,OPPO Reno 12,8550000,1,8550000,E-Wallet,Laki-laki,29,2,Tidak,660000
TRX00524,2026-06-23,Bandung,Smartphone,Vivo V30,9450000,2,18900000,Tunai,Perempuan,56,4,Tidak,400000
TRX00525,2026-03-05,Jakarta,Elektronik Rumah Tangga,Air Fryer,4500000,1,4500000,E-Wallet,Perempuan,56,3,Tidak,1130000
TRX00526,2026-06-20,Malang,Smartphone,OPPO Reno 12,12000000,1,12000000,Kredit,Perempuan,48,4,Tidak,580000
TRX00527,2026-03-29,Bandung,Smartphone,OPPO Reno 12,3100000,5,17713000,Kredit,Perempuan,19,5,Ya,370000
TRX00528,2026-06-30,Jakarta,Laptop,Acer Aspire 5,15100000,5,75500000,E-Wallet,Laki-laki,54,4,Tidak,840000
TRX00529,2026-03-24,Jakarta,Aksesoris,Power Bank,450000,1,450000,E-Wallet,Perempuan,40,4,Tidak,1210000
TRX00530,2026-01-21,Jakarta,Smartphone,Vivo V30,5650000,2,11300000,Debit,Perempuan,18,5,Tidak,850000
TRX00531,2026-06-14,Jakarta,Smartphone,OPPO Reno 12,10950000,4,43800000,Kredit,Laki-laki,51,2,Tidak,830000
TRX00532,2026-06-27,Bandung,Elektronik Rumah Tangga,Kipas Angin,4600000,1,4600000,Debit,Perempuan,32,2,Tidak,360000
TRX00533,2026-06-22,Malang,Laptop,HP 14,14000000,3,42000000,Debit,Laki-laki,35,2,Tidak,470000
TRX00534,2026-01-29,Bandung,Smartphone,Samsung Galaxy A15,2150000,2,4300000,E-Wallet,Perempuan,23,1,Tidak,390000
TRX00535,2026-02-08,Jakarta,Laptop,Acer Aspire 5,11750000,1,12387000,Debit,Perempuan,44,4,Ya,770000
TRX00536,2026-02-03,Surabaya,Aksesoris,Keyboard Mechanical,300000,3,1018000,Tunai,Perempuan,56,4,Ya,750000
TRX00537,2026-02-20,Jakarta,Laptop,Acer Aspire 5,14500000,4,58000000,Tunai,Perempuan,43,5,Tidak,1150000
TRX00538,2026-02-06,Jakarta,Elektronik Rumah Tangga,Air Fryer,6750000,2,15531000,Kredit,Laki-laki,53,4,Ya,910000
TRX00539,2026-05-01,Bandung,Smartphone,Samsung Galaxy A15,9300000,4,37200000,E-Wallet,Perempuan,38,4,Tidak,410000
TRX00540,2026-02-20,Jakarta,Elektronik Rumah Tangga,"Smart TV 43""",6200000,1,7114000,Kredit,Laki-laki,26,5,Ya,860000
TRX00541,2026-06-12,Bandung,Smartphone,Samsung Galaxy A15,11950000,6,71700000,E-Wallet,Perempuan,53,1,Tidak,340000
TRX00542,2026-02-19,Jakarta,Smartphone,Vivo V30,7700000,1,7700000,Kredit,Laki-laki,52,4,Tidak,830000
TRX00543,2026-03-24,Malang,Aksesoris,Keyboard Mechanical,450000,1,476000,E-Wallet,Laki-laki,41,2,Ya,340000
TRX00544,2026-05-18,Surabaya,Laptop,Acer Aspire 5,17800000,2,41920000,Kredit,Laki-laki,53,3,Ya,580000
TRX00545,2026-01-19,Malang,Aksesoris,Power Bank,1050000,5,5250000,Debit,Perempuan,33,5,Tidak,420000
TRX00546,2026-01-09,Malang,Smartphone,Samsung Galaxy A15,7100000,2,14200000,Tunai,Laki-laki,60,4,Tidak,480000
TRX00547,2026-05-03,Malang,Aksesoris,Headset Bluetooth,50000,5,250000,E-Wallet,Perempuan,59,4,Tidak,470000
TRX00548,2026-05-20,Jakarta,Elektronik Rumah Tangga,Rice Cooker Digital,3550000,2,7100000,Kredit,Laki-laki,37,1,Tidak,1000000
TRX00549,2026-05-27,Bandung,Smartphone,Xiaomi Redmi Note 14,7000000,4,28000000,Debit,Perempuan,47,4,Tidak,380000
TRX00550,2026-06-21,Jakarta,Smartphone,Vivo V30,7300000,2,14600000,Kredit,Perempuan,22,4,Tidak,960000
TRX00551,2026-01-19,Surabaya,Laptop,Lenovo IdeaPad Slim 3,14950000,3,47293000,Debit,Perempuan,45,5,Ya,530000
TRX00552,2026-06-06,Jakarta,Aksesoris,Keyboard Mechanical,1200000,1,1200000,E-Wallet,Laki-laki,22,3,Tidak,700000
TRX00553,2026-01-12,Surabaya,Elektronik Rumah Tangga,Air Fryer,3350000,2,8166000,Kredit,Perempuan,24,5,Ya,670000
TRX00554,2026-02-19,Bandung,Smartphone,OPPO Reno 12,8350000,4,33400000,Tunai,Perempuan,20,4,Tidak,420000
TRX00555,2026-06-04,Surabaya,Laptop,Acer Aspire 5,7350000,1,7350000,E-Wallet,Laki-laki,37,5,Tidak,660000
TRX00556,2026-05-16,Jakarta,Elektronik Rumah Tangga,Air Fryer,1400000,2,2800000,E-Wallet,Perempuan,46,3,Tidak,800000
TRX00557,2026-06-14,Malang,Elektronik Rumah Tangga,"Smart TV 43""",6600000,2,13200000,Debit,Laki-laki,28,5,Tidak,420000
TRX00558,2026-01-23,Jakarta,Aksesoris,Power Bank,900000,5,4500000,E-Wallet,Perempuan,54,4,Tidak,1010000
TRX00559,2026-04-17,Malang,Elektronik Rumah Tangga,Rice Cooker Digital,6900000,3,20700000,Tunai,Perempuan,50,4,Tidak,350000
TRX00560,2026-06-08,Jakarta,Laptop,ASUS Vivobook 14,16250000,2,32500000,Debit,Perempuan,44,4,Tidak,720000
TRX00561,2026-03-04,Surabaya,Elektronik Rumah Tangga,Kipas Angin,6700000,1,8129000,Debit,Perempuan,44,4,Ya,390000
TRX00562,2026-01-17,Surabaya,Aksesoris,Power Bank,250000,4,1000000,Debit,Perempuan,19,1,Tidak,750000
TRX00563,2026-03-17,Jakarta,Smartphone,OPPO Reno 12,10150000,1,11459000,E-Wallet,Perempuan,29,5,Ya,910000
TRX00564,2026-01-18,Jakarta,Elektronik Rumah Tangga,Kipas Angin,550000,5,2750000,E-Wallet,Perempuan,25,4,Tidak,930000
TRX00565,2026-03-12,Jakarta,Smartphone,Xiaomi Redmi Note 14,7450000,3,26579000,Debit,Perempuan,29,3,Ya,920000
TRX00566,2026-02-21,Jakarta,Aksesoris,Keyboard Mechanical,1000000,3,3000000,Debit,Laki-laki,20,4,Tidak,870000
TRX00567,2026-04-27,Bandung,Elektronik Rumah Tangga,Rice Cooker Digital,5750000,2,11500000,Debit,Perempuan,42,4,Tidak,390000
TRX00568,2026-04-14,Bandung,Aksesoris,Mouse Wireless,850000,2,1700000,Tunai,Laki-laki,48,2,Tidak,400000
TRX00569,2026-02-23,Malang,Smartphone,Vivo V30,5850000,3,19959000,Tunai,Perempuan,52,5,Ya,380000
TRX00570,2026-04-20,Malang,Laptop,HP 14,12500000,1,15488000,Kredit,Laki-laki,41,5,Ya,460000
TRX00571,2026-01-31,Bandung,Laptop,Acer Aspire 5,15350000,1,18114000,Tunai,Perempuan,34,4,Ya,380000
TRX00572,2026-05-08,Malang,Smartphone,OPPO Reno 12,9200000,5,46000000,Debit,Perempuan,48,5,Tidak,340000
TRX00573,2026-03-15,Bandung,Smartphone,Samsung Galaxy A15,8700000,2,20878000,Debit,Laki-laki,56,4,Ya,380000
TRX00574,2026-04-27,Jakarta,Laptop,ASUS Vivobook 14,15800000,1,15800000,Debit,Perempuan,23,3,Tidak,1020000
TRX00575,2026-01-15,Malang,Aksesoris,Mouse Wireless,650000,1,650000,E-Wallet,Perempuan,33,4,Tidak,530000
TRX00576,2026-01-02,Bandung,Aksesoris,Power Bank,400000,3,1200000,E-Wallet,Laki-laki,40,5,Tidak,440000
TRX00577,2026-01-01,Malang,Aksesoris,Keyboard Mechanical,600000,3,1800000,Debit,Perempuan,41,4,Tidak,430000
TRX00578,2026-01-03,Jakarta,Aksesoris,Mouse Wireless,350000,1,350000,Debit,Laki-laki,47,3,Tidak,780000
TRX00579,2026-02-24,Malang,Aksesoris,Keyboard Mechanical,650000,4,2600000,Tunai,Perempuan,20,2,Tidak,610000
TRX00580,2026-04-01,Malang,Smartphone,Vivo V30,2400000,2,5739000,E-Wallet,Laki-laki,19,4,Ya,510000
TRX00581,2026-04-23,Bandung,Aksesoris,Mouse Wireless,1100000,5,5870000,Debit,Perempuan,21,5,Ya,460000
TRX00582,2026-05-05,Malang,Aksesoris,Mouse Wireless,950000,3,3498000,E-Wallet,Laki-laki,33,2,Ya,370000
TRX00583,2026-02-13,Bandung,Elektronik Rumah Tangga,Rice Cooker Digital,3300000,3,9900000,E-Wallet,Laki-laki,56,4,Tidak,420000
TRX00584,2026-01-09,Surabaya,Smartphone,Xiaomi Redmi Note 14,5300000,1,5300000,Kredit,Laki-laki,23,2,Tidak,550000
TRX00585,2026-04-02,Jakarta,Elektronik Rumah Tangga,Kipas Angin,1150000,5,5750000,Kredit,Laki-laki,24,4,Tidak,710000
TRX00586,2026-06-05,Malang,Smartphone,Samsung Galaxy A15,3550000,1,3550000,Kredit,Laki-laki,58,5,Tidak,460000
TRX00587,2026-01-12,Jakarta,Laptop,Acer Aspire 5,11850000,1,11850000,Kredit,Laki-laki,57,3,Tidak,1100000
TRX00588,2026-04-03,Bandung,Elektronik Rumah Tangga,Air Fryer,2950000,1,3662000,Kredit,Laki-laki,44,1,Ya,410000
TRX00589,2026-01-09,Bandung,Smartphone,Samsung Galaxy A15,6300000,4,25200000,E-Wallet,Perempuan,19,5,Tidak,400000
TRX00590,2026-04-04,Malang,Elektronik Rumah Tangga,Kipas Angin,3850000,2,7700000,Kredit,Perempuan,25,3,Tidak,490000
TRX00591,2026-06-24,Jakarta,Elektronik Rumah Tangga,Rice Cooker Digital,3050000,2,6100000,Debit,Laki-laki,47,3,Tidak,1240000
TRX00592,2026-02-25,Jakarta,Smartphone,OPPO Reno 12,3150000,1,3551000,Debit,Perempuan,48,5,Ya,850000
TRX00593,2026-05-07,Surabaya,Elektronik Rumah Tangga,Kipas Angin,3600000,5,18000000,Kredit,Perempuan,21,3,Tidak,600000
TRX00594,2026-06-30,Malang,Smartphone,OPPO Reno 12,11400000,2,25959000,Kredit,Perempuan,23,4,Ya,320000
TRX00595,2026-01-04,Jakarta,Laptop,ASUS Vivobook 14,15200000,3,45600000,E-Wallet,Laki-laki,41,1,Tidak,800000
TRX00596,2026-04-30,Bandung,Aksesoris,Power Bank,350000,2,700000,E-Wallet,Perempuan,35,3,Tidak,460000
TRX00597,2026-04-24,Malang,Elektronik Rumah Tangga,Kipas Angin,1300000,2,3061000,Kredit,Perempuan,25,4,Ya,560000
TRX00598,2026-05-25,Bandung,Aksesoris,Headset Bluetooth,50000,1,50000,Kredit,Laki-laki,59,4,Tidak,410000
TRX00599,2026-03-07,Surabaya,Smartphone,Vivo V30,10900000,2,23553000,Debit,Laki-laki,30,4,Ya,690000
TRX00600,2026-06-16,Surabaya,Laptop,ASUS Vivobook 14,7600000,1,7600000,Kredit,Perempuan,29,5,Tidak,620000
TRX00601,2026-05-13,Surabaya,Aksesoris,Keyboard Mechanical,100000,2,200000,E-Wallet,Laki-laki,43,5,Tidak,640000
TRX00602,2026-01-25,Malang,Smartphone,Samsung Galaxy A15,3600000,1,3600000,Debit,Perempuan,23,3,Tidak,450000
TRX00603,2026-04-08,Bandung,Aksesoris,Keyboard Mechanical,250000,1,265000,Debit,Perempuan,50,3,Ya,400000
TRX00604,2026-03-26,Surabaya,Aksesoris,Power Bank,750000,2,1837000,Debit,Perempuan,53,5,Ya,660000
TRX00605,2026-05-26,Bandung,Laptop,Lenovo IdeaPad Slim 3,7250000,2,14500000,E-Wallet,Laki-laki,51,4,Tidak,400000
TRX00606,2026-02-20,Jakarta,Laptop,HP 14,7800000,5,39000000,E-Wallet,Perempuan,53,4,Tidak,720000
TRX00607,2026-04-25,Malang,Laptop,Acer Aspire 5,10950000,3,35733000,Kredit,Laki-laki,51,5,Ya,420000
TRX00608,2026-06-08,Bandung,Aksesoris,Power Bank,250000,2,500000,Tunai,Laki-laki,53,5,Tidak,440000
TRX00609,2026-02-24,Bandung,Aksesoris,Keyboard Mechanical,350000,1,350000,Debit,Perempuan,37,3,Tidak,420000
TRX00610,2026-06-28,Jakarta,Laptop,ASUS Vivobook 14,12300000,4,56233000,E-Wallet,Perempuan,59,3,Ya,940000
TRX00611,2026-01-19,Jakarta,Aksesoris,Mouse Wireless,450000,2,900000,Debit,Laki-laki,51,5,Tidak,760000
TRX00612,2026-01-20,Bandung,Laptop,Lenovo IdeaPad Slim 3,10650000,1,13289000,Kredit,Perempuan,43,3,Ya,410000
TRX00613,2026-05-23,Jakarta,Elektronik Rumah Tangga,Air Fryer,1400000,2,3215000,Kredit,Laki-laki,46,4,Ya,900000
TRX00614,2026-05-04,Bandung,Laptop,Lenovo IdeaPad Slim 3,16000000,2,32000000,Kredit,Perempuan,56,4,Tidak,430000
TRX00615,2026-05-26,Malang,Elektronik Rumah Tangga,Air Fryer,1400000,3,4200000,Debit,Perempuan,35,5,Tidak,500000
TRX00616,2026-01-13,Malang,Elektronik Rumah Tangga,Rice Cooker Digital,3550000,1,3550000,Tunai,Laki-laki,38,4,Tidak,520000
TRX00617,2026-06-18,Jakarta,Aksesoris,Mouse Wireless,350000,5,1750000,Kredit,Laki-laki,59,5,Tidak,980000
TRX00618,2026-06-11,Jakarta,Smartphone,OPPO Reno 12,10300000,2,20600000,Debit,Perempuan,37,5,Tidak,1020000
TRX00619,2026-01-18,Bandung,Elektronik Rumah Tangga,Kipas Angin,950000,1,950000,E-Wallet,Perempuan,42,3,Tidak,430000
TRX00620,2026-02-20,Surabaya,Aksesoris,Power Bank,400000,2,800000,Kredit,Laki-laki,38,5,Tidak,590000
TRX00621,2026-02-07,Malang,Aksesoris,Power Bank,750000,1,799000,E-Wallet,Laki-laki,21,4,Ya,400000
TRX00622,2026-05-20,Jakarta,Smartphone,Samsung Galaxy A15,8850000,6,53100000,Tunai,Perempuan,32,2,Tidak,720000
TRX00623,2026-03-03,Bandung,Aksesoris,Power Bank,1050000,5,5538000,E-Wallet,Perempuan,31,5,Ya,360000
TRX00624,2026-04-18,Jakarta,Smartphone,Vivo V30,2550000,6,15300000,Kredit,Laki-laki,27,3,Tidak,900000
TRX00625,2026-01-09,Malang,Laptop,Acer Aspire 5,12500000,1,12500000,Tunai,Laki-laki,38,5,Tidak,360000
TRX00626,2026-05-04,Bandung,Smartphone,Samsung Galaxy A15,4500000,4,18000000,Debit,Perempuan,22,1,Tidak,420000
TRX00627,2026-04-18,Jakarta,Smartphone,Xiaomi Redmi Note 14,2850000,1,3338000,Tunai,Laki-laki,59,5,Ya,1150000
TRX00628,2026-05-25,Surabaya,Laptop,Lenovo IdeaPad Slim 3,7750000,6,46500000,Tunai,Laki-laki,58,4,Tidak,550000
TRX00629,2026-01-18,Malang,Smartphone,Vivo V30,3550000,2,8521000,E-Wallet,Laki-laki,30,5,Ya,520000
TRX00630,2026-03-12,Malang,Laptop,HP 14,16700000,1,18962000,Debit,Perempuan,33,4,Ya,420000
TRX00631,2026-05-29,Jakarta,Laptop,ASUS Vivobook 14,10050000,2,20100000,Debit,Laki-laki,58,4,Tidak,800000
TRX00632,2026-03-29,Surabaya,Smartphone,Samsung Galaxy A15,5000000,1,5281000,Kredit,Perempuan,59,3,Ya,580000
TRX00633,2026-05-04,Malang,Elektronik Rumah Tangga,Rice Cooker Digital,1450000,5,7250000,Kredit,Perempuan,39,3,Tidak,430000
TRX00634,2026-06-01,Malang,Elektronik Rumah Tangga,Kipas Angin,3050000,1,3050000,E-Wallet,Perempuan,24,3,Tidak,490000
TRX00635,2026-05-20,Bandung,Aksesoris,Keyboard Mechanical,200000,1,200000,E-Wallet,Laki-laki,44,1,Tidak,380000
TRX00636,2026-03-09,Malang,Smartphone,OPPO Reno 12,2500000,3,8237000,E-Wallet,Perempuan,34,5,Ya,380000
TRX00637,2026-06-30,Jakarta,Smartphone,Xiaomi Redmi Note 14,4000000,2,8000000,E-Wallet,Perempuan,33,2,Tidak,920000
TRX00638,2026-01-29,Jakarta,Laptop,HP 14,10400000,1,10951000,Tunai,Laki-laki,23,3,Ya,810000
TRX00639,2026-05-28,Bandung,Smartphone,OPPO Reno 12,9850000,1,11505000,E-Wallet,Laki-laki,38,4,Ya,440000
TRX00640,2026-06-23,Jakarta,Laptop,HP 14,13000000,2,31566000,Debit,Perempuan,45,3,Ya,960000
TRX00641,2026-01-31,Bandung,Smartphone,Xiaomi Redmi Note 14,8400000,2,16800000,Tunai,Laki-laki,58,2,Tidak,490000
TRX00642,2026-03-09,Bandung,Elektronik Rumah Tangga,Air Fryer,4100000,2,8200000,E-Wallet,Perempuan,58,5,Tidak,340000
TRX00643,2026-01-22,Jakarta,Elektronik Rumah Tangga,Kipas Angin,2750000,1,2750000,Debit,Laki-laki,44,4,Tidak,670000
TRX00644,2026-02-22,Bandung,Smartphone,Samsung Galaxy A15,11300000,4,53341000,Kredit,Laki-laki,33,5,Ya,410000
TRX00645,2026-04-05,Surabaya,Elektronik Rumah Tangga,Rice Cooker Digital,3250000,4,13000000,Kredit,Laki-laki,19,4,Tidak,820000
TRX00646,2026-06-05,Malang,Smartphone,Vivo V30,10100000,2,23313000,Debit,Laki-laki,53,4,Ya,430000
TRX00647,2026-04-01,Malang,Elektronik Rumah Tangga,Kipas Angin,5600000,6,33600000,Kredit,Perempuan,19,3,Tidak,370000
TRX00648,2026-06-06,Jakarta,Elektronik Rumah Tangga,Rice Cooker Digital,4900000,1,4900000,Kredit,Laki-laki,19,5,Tidak,770000
TRX00649,2026-05-29,Bandung,Smartphone,Xiaomi Redmi Note 14,2650000,4,10600000,Kredit,Laki-laki,48,4,Tidak,380000
TRX00650,2026-01-01,Surabaya,Smartphone,OPPO Reno 12,8950000,3,26850000,E-Wallet,Laki-laki,41,3,Tidak,460000
TRX00651,2026-05-13,Bandung,Smartphone,Vivo V30,4800000,2,9600000,Tunai,Laki-laki,58,5,Tidak,480000
TRX00652,2026-02-21,Malang,Smartphone,Vivo V30,2900000,5,14500000,E-Wallet,Perempuan,52,3,Tidak,530000
TRX00653,2026-01-17,Jakarta,Laptop,Acer Aspire 5,8300000,1,8300000,Debit,Perempuan,46,4,Tidak,1010000
TRX00654,2026-05-22,Jakarta,Aksesoris,Keyboard Mechanical,500000,3,1500000,Kredit,Laki-laki,26,3,Tidak,920000
TRX00655,2026-06-05,Bandung,Aksesoris,Mouse Wireless,500000,2,1000000,E-Wallet,Laki-laki,35,3,Tidak,320000
TRX00656,2026-04-20,Surabaya,Smartphone,OPPO Reno 12,10700000,1,10700000,Kredit,Laki-laki,60,5,Tidak,790000
TRX00657,2026-05-27,Jakarta,Laptop,Lenovo IdeaPad Slim 3,15450000,1,15450000,Kredit,Perempuan,53,3,Tidak,960000
TRX00658,2026-06-22,Surabaya,Smartphone,Xiaomi Redmi Note 14,5850000,3,17550000,E-Wallet,Laki-laki,58,5,Tidak,460000
TRX00659,2026-05-31,Jakarta,Aksesoris,Keyboard Mechanical,750000,4,3000000,Tunai,Perempuan,57,3,Tidak,1250000
TRX00660,2026-01-11,Bandung,Smartphone,Xiaomi Redmi Note 14,9900000,4,39600000,Kredit,Perempuan,58,4,Tidak,350000
TRX00661,2026-05-04,Jakarta,Elektronik Rumah Tangga,Air Fryer,750000,1,750000,E-Wallet,Laki-laki,40,2,Tidak,1070000
TRX00662,2026-05-26,Jakarta,Aksesoris,Mouse Wireless,1200000,3,4473000,E-Wallet,Laki-laki,24,4,Ya,810000
TRX00663,2026-02-06,Jakarta,Smartphone,OPPO Reno 12,6250000,2,12500000,E-Wallet,Laki-laki,21,5,Tidak,780000
TRX00664,2026-06-29,Surabaya,Elektronik Rumah Tangga,Kipas Angin,7400000,4,29600000,Tunai,Laki-laki,43,2,Tidak,610000
TRX00665,2026-05-21,Surabaya,Smartphone,OPPO Reno 12,7950000,1,7950000,Kredit,Perempuan,24,3,Tidak,670000
TRX00666,2026-05-15,Bandung,Laptop,HP 14,8450000,2,16900000,Debit,Laki-laki,38,3,Tidak,320000
TRX00667,2026-04-27,Surabaya,Smartphone,Samsung Galaxy A15,2750000,3,8250000,Tunai,Perempuan,50,3,Tidak,650000
TRX00668,2026-02-26,Jakarta,Elektronik Rumah Tangga,"Smart TV 43""",500000,1,582000,E-Wallet,Laki-laki,46,4,Ya,1320000
TRX00669,2026-02-12,Surabaya,Aksesoris,Mouse Wireless,900000,3,2700000,Debit,Perempuan,48,5,Tidak,700000
TRX00670,2026-02-14,Malang,Laptop,Lenovo IdeaPad Slim 3,13900000,3,41700000,Kredit,Perempuan,57,4,Tidak,420000
TRX00671,2026-06-06,Bandung,Aksesoris,Headset Bluetooth,900000,3,2700000,Tunai,Laki-laki,42,4,Tidak,430000
TRX00672,2026-02-25,Surabaya,Elektronik Rumah Tangga,"Smart TV 43""",1650000,1,1650000,Tunai,Laki-laki,35,3,Tidak,450000
TRX00673,2026-01-26,Malang,Laptop,ASUS Vivobook 14,9700000,1,12003000,E-Wallet,Laki-laki,36,5,Ya,520000
TRX00674,2026-06-24,Surabaya,Elektronik Rumah Tangga,Air Fryer,5300000,2,10600000,E-Wallet,Laki-laki,41,3,Tidak,550000
TRX00675,2026-01-21,Jakarta,Smartphone,Xiaomi Redmi Note 14,5400000,2,11656000,Tunai,Laki-laki,44,3,Ya,1120000
TRX00676,2026-02-15,Jakarta,Elektronik Rumah Tangga,Rice Cooker Digital,7200000,1,7200000,Debit,Perempuan,55,1,Tidak,600000
TRX00677,2026-05-15,Surabaya,Aksesoris,Mouse Wireless,200000,2,400000,Kredit,Laki-laki,40,3,Tidak,630000
TRX00678,2026-06-11,Malang,Laptop,HP 14,17400000,3,52200000,Debit,Laki-laki,37,5,Tidak,330000
TRX00679,2026-06-27,Malang,Aksesoris,Mouse Wireless,350000,1,350000,Tunai,Laki-laki,20,4,Tidak,620000
TRX00680,2026-04-03,Malang,Aksesoris,Power Bank,450000,1,503000,E-Wallet,Laki-laki,55,1,Ya,360000
TRX00681,2026-04-26,Jakarta,Laptop,ASUS Vivobook 14,13600000,5,68000000,Kredit,Laki-laki,41,3,Tidak,830000
TRX00682,2026-02-05,Surabaya,Smartphone,Vivo V30,9850000,6,59100000,Debit,Perempuan,36,4,Tidak,710000
TRX00683,2026-01-30,Bandung,Elektronik Rumah Tangga,Rice Cooker Digital,2400000,3,7200000,Kredit,Laki-laki,31,4,Tidak,280000
TRX00684,2026-04-08,Surabaya,Aksesoris,Mouse Wireless,900000,2,1800000,Kredit,Laki-laki,56,1,Tidak,700000
TRX00685,2026-06-27,Surabaya,Aksesoris,Headset Bluetooth,550000,3,1650000,E-Wallet,Laki-laki,39,2,Tidak,690000
TRX00686,2026-04-05,Jakarta,Smartphone,Vivo V30,5450000,1,5934000,E-Wallet,Perempuan,38,4,Ya,770000
TRX00687,2026-01-14,Surabaya,Smartphone,Xiaomi Redmi Note 14,6150000,2,12300000,E-Wallet,Laki-laki,58,4,Tidak,690000
TRX00688,2026-02-19,Bandung,Laptop,Acer Aspire 5,13750000,1,13750000,E-Wallet,Laki-laki,60,3,Tidak,490000
TRX00689,2026-05-10,Malang,Smartphone,Samsung Galaxy A15,7850000,1,7850000,E-Wallet,Laki-laki,59,5,Tidak,490000
TRX00690,2026-04-21,Bandung,Elektronik Rumah Tangga,Rice Cooker Digital,550000,3,1650000,Debit,Perempuan,44,4,Tidak,390000
TRX00691,2026-03-24,Malang,Aksesoris,Headset Bluetooth,1150000,3,4291000,Debit,Perempuan,55,5,Ya,440000
TRX00692,2026-01-27,Bandung,Smartphone,Xiaomi Redmi Note 14,8150000,3,24450000,E-Wallet,Laki-laki,18,1,Tidak,450000
TRX00693,2026-01-22,Jakarta,Aksesoris,Power Bank,1200000,2,2400000,Kredit,Laki-laki,55,4,Tidak,940000
TRX00694,2026-01-08,Surabaya,Laptop,Acer Aspire 5,11350000,2,22700000,E-Wallet,Perempuan,23,4,Tidak,490000
TRX00695,2026-01-04,Bandung,Elektronik Rumah Tangga,Kipas Angin,6450000,5,32250000,E-Wallet,Laki-laki,52,4,Tidak,430000
TRX00696,2026-05-05,Surabaya,Elektronik Rumah Tangga,"Smart TV 43""",7450000,4,36706000,Tunai,Laki-laki,45,1,Ya,620000
TRX00697,2026-03-15,Jakarta,Smartphone,Samsung Galaxy A15,10000000,2,22730000,E-Wallet,Laki-laki,28,4,Ya,870000
TRX00698,2026-01-21,Bandung,Smartphone,Xiaomi Redmi Note 14,5200000,1,5865000,E-Wallet,Perempuan,25,5,Ya,380000
TRX00699,2026-02-11,Malang,Elektronik Rumah Tangga,Rice Cooker Digital,3600000,2,7200000,Tunai,Perempuan,27,3,Tidak,510000
TRX00700,2026-02-22,Bandung,Elektronik Rumah Tangga,Rice Cooker Digital,6000000,2,12000000,E-Wallet,Laki-laki,52,2,Tidak,490000
TRX00701,2026-03-05,Surabaya,Elektronik Rumah Tangga,Air Fryer,1650000,1,1757000,E-Wallet,Perempuan,31,5,Ya,620000
TRX00702,2026-01-16,Jakarta,Laptop,Acer Aspire 5,7600000,1,9362000,Tunai,Laki-laki,31,5,Ya,890000
TRX00703,2026-05-26,Jakarta,Laptop,Lenovo IdeaPad Slim 3,7750000,1,7750000,Tunai,Laki-laki,51,4,Tidak,860000
TRX00704,2026-05-16,Malang,Aksesoris,Mouse Wireless,650000,2,1300000,Tunai,Perempuan,34,3,Tidak,380000
TRX00705,2026-04-01,Surabaya,Elektronik Rumah Tangga,Kipas Angin,1550000,1,1786000,Kredit,Laki-laki,24,4,Ya,540000
TRX00706,2026-06-11,Bandung,Laptop,Acer Aspire 5,11650000,1,14367000,E-Wallet,Perempuan,53,5,Ya,440000
TRX00707,2026-02-02,Jakarta,Aksesoris,Power Bank,300000,1,322000,E-Wallet,Laki-laki,46,5,Ya,1220000
TRX00708,2026-06-06,Jakarta,Aksesoris,Mouse Wireless,100000,2,200000,Tunai,Perempuan,38,4,Tidak,960000
TRX00709,2026-06-08,Bandung,Aksesoris,Headset Bluetooth,500000,1,500000,Tunai,Laki-laki,55,4,Tidak,330000
TRX00710,2026-05-02,Bandung,Aksesoris,Headset Bluetooth,500000,1,585000,Debit,Perempuan,56,4,Ya,420000
TRX00711,2026-05-06,Jakarta,Laptop,Lenovo IdeaPad Slim 3,15600000,1,15600000,Debit,Laki-laki,34,3,Tidak,1140000
TRX00712,2026-04-26,Jakarta,Smartphone,Xiaomi Redmi Note 14,7300000,3,21900000,Kredit,Perempuan,53,1,Tidak,860000
TRX00713,2026-01-12,Surabaya,Aksesoris,Mouse Wireless,350000,1,350000,E-Wallet,Laki-laki,49,5,Tidak,610000
TRX00714,2026-03-24,Malang,Smartphone,Vivo V30,11900000,3,41078000,Kredit,Perempuan,32,4,Ya,500000
TRX00715,2026-05-24,Surabaya,Laptop,ASUS Vivobook 14,7400000,2,14800000,Kredit,Perempuan,60,2,Tidak,520000
TRX00716,2026-06-19,Bandung,Aksesoris,Power Bank,50000,1,50000,Kredit,Laki-laki,30,3,Tidak,480000
TRX00717,2026-06-29,Jakarta,Aksesoris,Headset Bluetooth,100000,5,500000,Tunai,Perempuan,39,5,Tidak,840000
TRX00718,2026-06-01,Surabaya,Aksesoris,Power Bank,600000,3,1800000,E-Wallet,Laki-laki,31,4,Tidak,580000
TRX00719,2026-02-05,Jakarta,Laptop,HP 14,13250000,2,26500000,E-Wallet,Laki-laki,20,4,Tidak,710000
TRX00720,2026-04-18,Surabaya,Elektronik Rumah Tangga,"Smart TV 43""",3450000,4,13800000,Kredit,Laki-laki,29,5,Tidak,620000
TRX00721,2026-05-22,Malang,Elektronik Rumah Tangga,Kipas Angin,6450000,1,6450000,E-Wallet,Laki-laki,26,4,Tidak,290000
TRX00722,2026-04-01,Bandung,Smartphone,Xiaomi Redmi Note 14,2800000,2,5600000,Debit,Laki-laki,32,2,Tidak,340000
TRX00723,2026-01-30,Surabaya,Smartphone,OPPO Reno 12,3250000,1,3250000,E-Wallet,Perempuan,39,4,Tidak,610000
TRX00724,2026-02-07,Bandung,Smartphone,Vivo V30,11450000,3,36461000,Kredit,Perempuan,24,3,Ya,320000
TRX00725,2026-01-14,Surabaya,Elektronik Rumah Tangga,"Smart TV 43""",2700000,1,2841000,Kredit,Perempuan,18,5,Ya,600000
TRX00726,2026-05-18,Jakarta,Elektronik Rumah Tangga,Air Fryer,3900000,2,8207000,Tunai,Laki-laki,42,4,Ya,990000
TRX00727,2026-02-14,Bandung,Aksesoris,Mouse Wireless,150000,1,150000,E-Wallet,Perempuan,22,5,Tidak,460000
TRX00728,2026-03-02,Jakarta,Laptop,ASUS Vivobook 14,7350000,1,9083000,E-Wallet,Perempuan,42,3,Ya,870000
TRX00729,2026-03-17,Jakarta,Laptop,HP 14,17000000,1,20834000,Debit,Laki-laki,33,5,Ya,720000
TRX00730,2026-04-29,Surabaya,Laptop,Acer Aspire 5,17000000,1,17000000,Kredit,Laki-laki,30,5,Tidak,740000
TRX00731,2026-02-21,Malang,Smartphone,OPPO Reno 12,5000000,2,10000000,Debit,Perempuan,19,5,Tidak,550000
TRX00732,2026-01-11,Malang,Elektronik Rumah Tangga,Kipas Angin,6100000,1,6980000,E-Wallet,Laki-laki,24,4,Ya,430000
TRX00733,2026-06-15,Surabaya,Laptop,Acer Aspire 5,9150000,1,9150000,E-Wallet,Perempuan,31,4,Tidak,600000
TRX00734,2026-04-04,Surabaya,Elektronik Rumah Tangga,"Smart TV 43""",2550000,6,15300000,Debit,Laki-laki,53,5,Tidak,490000
TRX00735,2026-05-28,Surabaya,Smartphone,Xiaomi Redmi Note 14,3800000,3,11400000,E-Wallet,Laki-laki,47,4,Tidak,490000
TRX00736,2026-01-17,Jakarta,Smartphone,Samsung Galaxy A15,7100000,1,7100000,E-Wallet,Perempuan,39,4,Tidak,1000000
TRX00737,2026-04-04,Jakarta,Laptop,Lenovo IdeaPad Slim 3,7450000,1,7450000,Tunai,Perempuan,47,3,Tidak,990000
TRX00738,2026-05-04,Malang,Aksesoris,Mouse Wireless,250000,2,500000,E-Wallet,Perempuan,48,3,Tidak,370000
TRX00739,2026-05-31,Surabaya,Smartphone,OPPO Reno 12,11250000,1,11250000,Tunai,Laki-laki,27,4,Tidak,540000
TRX00740,2026-05-06,Surabaya,Laptop,HP 14,13800000,2,29134000,E-Wallet,Laki-laki,49,4,Ya,510000
TRX00741,2026-05-16,Surabaya,Aksesoris,Power Bank,100000,3,333000,E-Wallet,Perempuan,27,4,Ya,580000
TRX00742,2026-05-16,Bandung,Aksesoris,Mouse Wireless,500000,1,500000,Debit,Perempuan,37,4,Tidak,390000
TRX00743,2026-06-20,Jakarta,Elektronik Rumah Tangga,"Smart TV 43""",6250000,2,14003000,Debit,Laki-laki,60,3,Ya,960000
TRX00744,2026-03-10,Surabaya,Smartphone,Xiaomi Redmi Note 14,4600000,1,4600000,Debit,Perempuan,31,3,Tidak,570000
TRX00745,2026-01-02,Jakarta,Smartphone,Xiaomi Redmi Note 14,6350000,5,31750000,Debit,Perempuan,48,2,Tidak,1090000
TRX00746,2026-04-19,Surabaya,Laptop,ASUS Vivobook 14,11350000,2,22700000,E-Wallet,Laki-laki,49,4,Tidak,650000
TRX00747,2026-01-21,Jakarta,Elektronik Rumah Tangga,"Smart TV 43""",4400000,3,13200000,E-Wallet,Laki-laki,21,3,Tidak,1010000
TRX00748,2026-04-11,Bandung,Smartphone,Xiaomi Redmi Note 14,5150000,1,5721000,Kredit,Laki-laki,36,4,Ya,410000
TRX00749,2026-01-13,Surabaya,Aksesoris,Mouse Wireless,1200000,1,1353000,Debit,Laki-laki,46,5,Ya,650000
TRX00750,2026-05-17,Bandung,Smartphone,Xiaomi Redmi Note 14,1900000,4,7600000,Kredit,Laki-laki,25,4,Tidak,390000
TRX00751,2026-06-01,Jakarta,Smartphone,OPPO Reno 12,2600000,3,8468000,Debit,Laki-laki,46,4,Ya,1000000
TRX00752,2026-04-23,Jakarta,Smartphone,Xiaomi Redmi Note 14,11600000,2,23200000,Debit,Perempuan,30,3,Tidak,1060000
TRX00753,2026-03-30,Malang,Laptop,ASUS Vivobook 14,12850000,1,12850000,Debit,Perempuan,34,3,Tidak,460000
TRX00754,2026-06-22,Surabaya,Smartphone,Samsung Galaxy A15,11150000,1,11150000,Tunai,Laki-laki,36,4,Tidak,700000
TRX00755,2026-03-30,Bandung,Aksesoris,Keyboard Mechanical,200000,2,449000,Tunai,Laki-laki,53,3,Ya,360000
TRX00756,2026-01-03,Surabaya,Elektronik Rumah Tangga,"Smart TV 43""",6050000,5,32672000,Tunai,Laki-laki,18,4,Ya,600000
TRX00757,2026-01-17,Bandung,Aksesoris,Mouse Wireless,1150000,1,1246000,Debit,Laki-laki,32,4,Ya,410000
TRX00758,2026-05-04,Bandung,Smartphone,OPPO Reno 12,6650000,1,6650000,Debit,Perempuan,60,5,Tidak,400000
TRX00759,2026-03-05,Surabaya,Smartphone,Vivo V30,8750000,4,37938000,Tunai,Perempuan,19,4,Ya,680000
TRX00760,2026-04-28,Bandung,Aksesoris,Power Bank,950000,4,3800000,Kredit,Laki-laki,45,5,Tidak,380000
TRX00761,2026-04-29,Bandung,Laptop,Acer Aspire 5,10000000,5,50000000,Debit,Perempuan,28,4,Tidak,360000
TRX00762,2026-01-02,Surabaya,Elektronik Rumah Tangga,Rice Cooker Digital,6700000,1,6700000,Tunai,Laki-laki,29,4,Tidak,720000
TRX00763,2026-03-21,Jakarta,Aksesoris,Keyboard Mechanical,200000,3,662000,Debit,Perempuan,37,4,Ya,770000
TRX00764,2026-06-25,Jakarta,Laptop,ASUS Vivobook 14,17800000,2,43008000,Debit,Perempuan,53,4,Ya,1120000
TRX00765,2026-04-28,Bandung,Laptop,HP 14,11400000,2,28049000,Tunai,Perempuan,41,5,Ya,300000
TRX00766,2026-06-03,Surabaya,Laptop,HP 14,10400000,4,41600000,Debit,Perempuan,36,4,Tidak,580000
TRX00767,2026-06-27,Surabaya,Smartphone,Vivo V30,9450000,1,9450000,Kredit,Laki-laki,32,5,Tidak,650000
TRX00768,2026-02-14,Jakarta,Smartphone,Samsung Galaxy A15,6300000,3,20724000,Tunai,Perempuan,37,4,Ya,1210000
TRX00769,2026-06-11,Surabaya,Smartphone,Vivo V30,5800000,1,5800000,E-Wallet,Laki-laki,46,3,Tidak,540000
TRX00770,2026-01-09,Surabaya,Laptop,Lenovo IdeaPad Slim 3,13550000,2,27100000,E-Wallet,Laki-laki,20,3,Tidak,540000
TRX00771,2026-03-24,Bandung,Elektronik Rumah Tangga,Kipas Angin,2550000,4,11595000,Debit,Laki-laki,26,3,Ya,430000
TRX00772,2026-06-21,Jakarta,Aksesoris,Power Bank,100000,3,300000,E-Wallet,Laki-laki,23,5,Tidak,770000
TRX00773,2026-04-15,Bandung,Laptop,Acer Aspire 5,12450000,1,12450000,Kredit,Laki-laki,21,5,Tidak,440000
TRX00774,2026-06-05,Jakarta,Smartphone,Samsung Galaxy A15,4700000,2,9400000,E-Wallet,Perempuan,29,4,Tidak,820000
TRX00775,2026-03-15,Surabaya,Laptop,Lenovo IdeaPad Slim 3,10250000,2,20500000,Tunai,Laki-laki,31,5,Tidak,590000
TRX00776,2026-01-23,Jakarta,Smartphone,Vivo V30,7100000,1,7100000,Kredit,Laki-laki,50,2,Tidak,950000
TRX00777,2026-05-16,Surabaya,Aksesoris,Mouse Wireless,1200000,1,1200000,E-Wallet,Perempuan,51,5,Tidak,540000
TRX00778,2026-03-24,Surabaya,Aksesoris,Headset Bluetooth,350000,6,2377000,Debit,Perempuan,53,4,Ya,540000
TRX00779,2026-04-03,Surabaya,Elektronik Rumah Tangga,Kipas Angin,6800000,1,6800000,Debit,Perempuan,34,3,Tidak,600000
TRX00780,2026-06-20,Surabaya,Laptop,HP 14,7200000,3,24776000,E-Wallet,Laki-laki,23,5,Ya,610000
TRX00781,2026-03-14,Bandung,Elektronik Rumah Tangga,Rice Cooker Digital,6000000,2,14171000,Kredit,Laki-laki,54,5,Ya,350000
TRX00782,2026-02-28,Surabaya,Aksesoris,Headset Bluetooth,100000,1,100000,Kredit,Laki-laki,51,4,Tidak,550000
TRX00783,2026-03-11,Jakarta,Aksesoris,Power Bank,150000,2,361000,Debit,Laki-laki,20,1,Ya,930000
TRX00784,2026-03-10,Jakarta,Smartphone,OPPO Reno 12,2250000,1,2552000,Kredit,Laki-laki,46,5,Ya,880000
TRX00785,2026-03-04,Malang,Laptop,Lenovo IdeaPad Slim 3,9900000,1,11516000,E-Wallet,Laki-laki,39,4,Ya,380000
TRX00786,2026-03-20,Jakarta,Elektronik Rumah Tangga,"Smart TV 43""",4800000,1,4800000,E-Wallet,Perempuan,49,2,Tidak,1040000
TRX00787,2026-04-27,Jakarta,Aksesoris,Keyboard Mechanical,250000,1,250000,E-Wallet,Perempuan,50,4,Tidak,1060000
TRX00788,2026-02-11,Malang,Smartphone,Xiaomi Redmi Note 14,11850000,5,73396000,Tunai,Laki-laki,56,5,Ya,410000
TRX00789,2026-03-03,Malang,Aksesoris,Power Bank,900000,2,1800000,E-Wallet,Perempuan,27,5,Tidak,500000
TRX00790,2026-04-02,Surabaya,Laptop,Lenovo IdeaPad Slim 3,16500000,1,16500000,Kredit,Perempuan,52,5,Tidak,600000
TRX00791,2026-02-13,Jakarta,Smartphone,Xiaomi Redmi Note 14,6300000,2,13832000,Tunai,Laki-laki,53,5,Ya,1010000
TRX00792,2026-05-24,Surabaya,Smartphone,Samsung Galaxy A15,9950000,1,11702000,Kredit,Laki-laki,55,4,Ya,580000
TRX00793,2026-02-18,Bandung,Laptop,HP 14,8950000,1,10763000,Tunai,Laki-laki,42,3,Ya,400000
TRX00794,2026-04-03,Malang,Laptop,HP 14,16250000,1,16250000,E-Wallet,Perempuan,38,4,Tidak,460000
TRX00795,2026-03-01,Jakarta,Laptop,HP 14,16350000,2,39971000,E-Wallet,Perempuan,52,5,Ya,750000
TRX00796,2026-03-31,Malang,Laptop,ASUS Vivobook 14,8300000,2,20472000,E-Wallet,Perempuan,41,5,Ya,560000
TRX00797,2026-05-21,Jakarta,Smartphone,Samsung Galaxy A15,8250000,1,9806000,E-Wallet,Perempuan,40,5,Ya,830000
TRX00798,2026-04-18,Jakarta,Smartphone,Vivo V30,5100000,2,10200000,E-Wallet,Laki-laki,43,4,Tidak,910000
TRX00799,2026-06-17,Malang,Laptop,Lenovo IdeaPad Slim 3,13400000,3,40200000,Tunai,Laki-laki,25,5,Tidak,330000
TRX00800,2026-05-25,Malang,Smartphone,Vivo V30,8050000,4,32200000,Kredit,Laki-laki,34,4,Tidak,430000
TRX00801,2026-06-28,Bandung,Smartphone,Xiaomi Redmi Note 14,10900000,2,21800000,Tunai,Laki-laki,56,4,Tidak,420000
TRX00802,2026-01-24,Bandung,Aksesoris,Mouse Wireless,250000,3,750000,Kredit,Perempuan,33,3,Tidak,400000
TRX00803,2026-04-02,Jakarta,Laptop,Lenovo IdeaPad Slim 3,13250000,1,13250000,Debit,Perempuan,23,4,Tidak,740000
TRX00804,2026-01-01,Jakarta,Smartphone,OPPO Reno 12,5500000,1,6579000,Debit,Laki-laki,30,5,Ya,740000
TRX00805,2026-05-06,Surabaya,Aksesoris,Headset Bluetooth,550000,2,1100000,E-Wallet,Perempuan,25,3,Tidak,710000
TRX00806,2026-01-21,Malang,Laptop,ASUS Vivobook 14,17000000,1,17000000,Debit,Perempuan,31,5,Tidak,470000
TRX00807,2026-03-19,Malang,Smartphone,Vivo V30,9050000,2,19141000,Debit,Laki-laki,40,2,Ya,460000
TRX00808,2026-05-15,Malang,Laptop,HP 14,16050000,1,18610000,Tunai,Perempuan,47,1,Ya,470000
TRX00809,2026-05-21,Jakarta,Laptop,Lenovo IdeaPad Slim 3,8700000,3,26100000,Kredit,Laki-laki,55,4,Tidak,860000
TRX00810,2026-03-20,Malang,Aksesoris,Headset Bluetooth,1050000,2,2100000,E-Wallet,Laki-laki,22,4,Tidak,400000
TRX00811,2026-06-20,Bandung,Smartphone,OPPO Reno 12,7000000,1,7000000,E-Wallet,Laki-laki,37,4,Tidak,370000
TRX00812,2026-03-07,Bandung,Aksesoris,Headset Bluetooth,600000,2,1269000,E-Wallet,Laki-laki,46,4,Ya,300000
TRX00813,2026-05-06,Malang,Smartphone,Vivo V30,11150000,1,11150000,Debit,Perempuan,45,5,Tidak,450000
TRX00814,2026-05-03,Jakarta,Elektronik Rumah Tangga,Kipas Angin,600000,1,600000,E-Wallet,Laki-laki,32,5,Tidak,830000
TRX00815,2026-03-06,Jakarta,Elektronik Rumah Tangga,"Smart TV 43""",7350000,2,14700000,Kredit,Perempuan,18,5,Tidak,780000
TRX00816,2026-05-20,Malang,Laptop,HP 14,17400000,3,52200000,Debit,Perempuan,52,5,Tidak,340000
TRX00817,2026-04-16,Bandung,Elektronik Rumah Tangga,Rice Cooker Digital,3500000,1,3500000,Kredit,Perempuan,33,4,Tidak,370000
TRX00818,2026-04-09,Surabaya,Smartphone,Samsung Galaxy A15,6650000,4,26600000,E-Wallet,Laki-laki,46,2,Tidak,620000
TRX00819,2026-01-18,Malang,Elektronik Rumah Tangga,"Smart TV 43""",1150000,1,1319000,E-Wallet,Perempuan,24,2,Ya,440000
TRX00820,2026-05-21,Malang,Elektronik Rumah Tangga,Kipas Angin,2050000,2,4100000,E-Wallet,Laki-laki,52,2,Tidak,410000
TRX00821,2026-05-03,Bandung,Smartphone,OPPO Reno 12,5450000,5,27250000,Kredit,Laki-laki,44,4,Tidak,360000
TRX00822,2026-01-26,Jakarta,Laptop,HP 14,7650000,4,30600000,Debit,Laki-laki,55,5,Tidak,1120000
TRX00823,2026-04-16,Bandung,Smartphone,Xiaomi Redmi Note 14,11750000,2,27610000,E-Wallet,Perempuan,43,4,Ya,420000
TRX00824,2026-05-17,Bandung,Elektronik Rumah Tangga,Rice Cooker Digital,800000,3,2989000,Debit,Perempuan,22,2,Ya,420000
TRX00825,2026-06-29,Jakarta,Laptop,Acer Aspire 5,12000000,3,36000000,Tunai,Perempuan,36,1,Tidak,920000
TRX00826,2026-05-25,Surabaya,Smartphone,Samsung Galaxy A15,4900000,3,16061000,Debit,Laki-laki,42,4,Ya,690000
TRX00827,2026-04-15,Malang,Smartphone,OPPO Reno 12,7600000,4,30400000,Tunai,Perempuan,46,5,Tidak,400000
TRX00828,2026-01-10,Bandung,Elektronik Rumah Tangga,Rice Cooker Digital,4700000,1,5801000,Debit,Perempuan,39,4,Ya,330000
TRX00829,2026-04-01,Jakarta,Smartphone,Xiaomi Redmi Note 14,7850000,1,7850000,E-Wallet,Perempuan,22,4,Tidak,850000
TRX00830,2026-05-13,Bandung,Laptop,HP 14,13650000,2,27300000,E-Wallet,Laki-laki,57,3,Tidak,440000
TRX00831,2026-05-23,Bandung,Smartphone,Samsung Galaxy A15,5000000,1,5000000,Tunai,Laki-laki,28,1,Tidak,400000
TRX00832,2026-06-07,Bandung,Laptop,Acer Aspire 5,8000000,2,18837000,E-Wallet,Laki-laki,36,5,Ya,470000
TRX00833,2026-05-21,Jakarta,Smartphone,Samsung Galaxy A15,4700000,5,26016000,E-Wallet,Perempuan,19,4,Ya,880000
TRX00834,2026-05-26,Jakarta,Elektronik Rumah Tangga,Air Fryer,2200000,4,8800000,Kredit,Laki-laki,48,3,Tidak,880000
TRX00835,2026-06-10,Malang,Elektronik Rumah Tangga,Rice Cooker Digital,400000,2,800000,Debit,Perempuan,19,4,Tidak,480000
TRX00836,2026-04-24,Surabaya,Laptop,Acer Aspire 5,9550000,2,23262000,Debit,Perempuan,59,5,Ya,540000
TRX00837,2026-04-19,Jakarta,Elektronik Rumah Tangga,Air Fryer,3050000,1,3485000,E-Wallet,Laki-laki,42,4,Ya,830000
TRX00838,2026-02-09,Jakarta,Elektronik Rumah Tangga,Rice Cooker Digital,5950000,1,5950000,E-Wallet,Laki-laki,49,4,Tidak,930000
TRX00839,2026-03-19,Surabaya,Elektronik Rumah Tangga,Air Fryer,4750000,1,5614000,E-Wallet,Perempuan,51,4,Ya,380000
TRX00840,2026-04-11,Bandung,Elektronik Rumah Tangga,Air Fryer,6300000,5,31500000,Debit,Perempuan,55,4,Tidak,400000
TRX00841,2026-02-13,Jakarta,Laptop,HP 14,9950000,1,12259000,E-Wallet,Laki-laki,42,3,Ya,650000
TRX00842,2026-02-02,Surabaya,Laptop,Lenovo IdeaPad Slim 3,10400000,2,20800000,E-Wallet,Laki-laki,30,2,Tidak,410000
TRX00843,2026-02-16,Malang,Aksesoris,Headset Bluetooth,750000,1,750000,Tunai,Perempuan,49,4,Tidak,470000
TRX00844,2026-03-28,Jakarta,Aksesoris,Keyboard Mechanical,700000,3,2215000,Tunai,Laki-laki,24,5,Ya,880000
TRX00845,2026-02-25,Jakarta,Smartphone,Samsung Galaxy A15,4750000,2,11664000,E-Wallet,Perempuan,55,3,Ya,1060000
TRX00846,2026-05-09,Bandung,Elektronik Rumah Tangga,Air Fryer,5200000,1,6228000,Kredit,Perempuan,58,5,Ya,430000
TRX00847,2026-04-25,Jakarta,Laptop,Acer Aspire 5,11900000,3,41688000,E-Wallet,Perempuan,57,4,Ya,1050000
TRX00848,2026-05-15,Surabaya,Aksesoris,Headset Bluetooth,550000,1,550000,E-Wallet,Perempuan,45,4,Tidak,710000
TRX00849,2026-02-03,Malang,Aksesoris,Mouse Wireless,450000,3,1350000,E-Wallet,Perempuan,48,5,Tidak,440000
TRX00850,2026-02-17,Jakarta,Aksesoris,Mouse Wireless,1100000,1,1100000,Kredit,Perempuan,50,5,Tidak,700000
TRX00851,2026-02-24,Bandung,Smartphone,Vivo V30,3450000,2,7606000,Kredit,Perempuan,42,4,Ya,390000
TRX00852,2026-02-21,Malang,Laptop,Lenovo IdeaPad Slim 3,11800000,2,23600000,E-Wallet,Laki-laki,42,4,Tidak,400000
TRX00853,2026-05-16,Jakarta,Laptop,HP 14,15000000,3,49908000,Debit,Perempuan,22,1,Ya,880000
TRX00854,2026-06-04,Jakarta,Elektronik Rumah Tangga,Air Fryer,5600000,2,11200000,Tunai,Laki-laki,48,4,Tidak,930000
TRX00855,2026-05-30,Surabaya,Smartphone,Xiaomi Redmi Note 14,5800000,2,11600000,Tunai,Laki-laki,37,4,Tidak,500000
TRX00856,2026-02-13,Malang,Laptop,Acer Aspire 5,16450000,1,17278000,Tunai,Laki-laki,40,3,Ya,420000
TRX00857,2026-03-08,Malang,Elektronik Rumah Tangga,"Smart TV 43""",6650000,4,28157000,Debit,Perempuan,52,4,Ya,580000
TRX00858,2026-01-23,Surabaya,Aksesoris,Mouse Wireless,250000,2,549000,Tunai,Laki-laki,54,1,Ya,750000
TRX00859,2026-05-24,Malang,Laptop,ASUS Vivobook 14,14600000,5,73000000,Kredit,Laki-laki,58,3,Tidak,490000
TRX00860,2026-03-21,Surabaya,Aksesoris,Keyboard Mechanical,450000,4,2031000,Kredit,Laki-laki,23,3,Ya,550000
TRX00861,2026-01-04,Surabaya,Smartphone,Xiaomi Redmi Note 14,5250000,1,5250000,E-Wallet,Perempuan,48,4,Tidak,590000
TRX00862,2026-02-10,Bandung,Laptop,HP 14,7200000,3,21600000,E-Wallet,Laki-laki,26,4,Tidak,540000
TRX00863,2026-06-14,Malang,Aksesoris,Keyboard Mechanical,50000,5,250000,Kredit,Perempuan,41,4,Tidak,360000
TRX00864,2026-01-06,Surabaya,Laptop,Lenovo IdeaPad Slim 3,15600000,2,31200000,Kredit,Perempuan,24,5,Tidak,610000
TRX00865,2026-04-13,Malang,Aksesoris,Headset Bluetooth,700000,1,700000,Debit,Laki-laki,50,4,Tidak,480000
TRX00866,2026-06-13,Jakarta,Smartphone,Xiaomi Redmi Note 14,6850000,5,34250000,Kredit,Laki-laki,51,2,Tidak,1010000
TRX00867,2026-01-23,Malang,Elektronik Rumah Tangga,"Smart TV 43""",6400000,2,12800000,Debit,Perempuan,33,3,Tidak,510000
TRX00868,2026-06-11,Bandung,Laptop,HP 14,8600000,2,17200000,Tunai,Laki-laki,53,5,Tidak,380000
TRX00869,2026-02-09,Surabaya,Elektronik Rumah Tangga,Air Fryer,3900000,2,7800000,E-Wallet,Laki-laki,37,4,Tidak,610000
TRX00870,2026-01-22,Malang,Smartphone,Vivo V30,7700000,2,15400000,E-Wallet,Laki-laki,42,4,Tidak,500000
TRX00871,2026-05-01,Surabaya,Laptop,Acer Aspire 5,10200000,2,20400000,Debit,Perempuan,22,5,Tidak,550000
TRX00872,2026-05-27,Malang,Smartphone,Xiaomi Redmi Note 14,11600000,3,34800000,Kredit,Perempuan,20,4,Tidak,440000
TRX00873,2026-03-10,Malang,Laptop,ASUS Vivobook 14,14000000,1,14000000,Kredit,Perempuan,30,5,Tidak,490000
TRX00874,2026-05-07,Jakarta,Elektronik Rumah Tangga,Air Fryer,500000,3,1500000,Debit,Laki-laki,59,2,Tidak,930000
TRX00875,2026-03-09,Malang,Elektronik Rumah Tangga,"Smart TV 43""",4350000,2,8700000,E-Wallet,Laki-laki,53,4,Tidak,440000
TRX00876,2026-03-30,Jakarta,Smartphone,Samsung Galaxy A15,5350000,1,5350000,Debit,Perempuan,19,3,Tidak,720000
TRX00877,2026-06-07,Jakarta,Elektronik Rumah Tangga,"Smart TV 43""",3600000,2,8293000,Debit,Laki-laki,48,3,Ya,870000
TRX00878,2026-02-09,Surabaya,Aksesoris,Power Bank,950000,3,2850000,Kredit,Laki-laki,19,1,Tidak,670000
TRX00879,2026-03-06,Bandung,Laptop,HP 14,13550000,1,15817000,Debit,Laki-laki,32,5,Ya,380000
TRX00880,2026-06-25,Jakarta,Laptop,Acer Aspire 5,12850000,2,25700000,E-Wallet,Perempuan,48,4,Tidak,740000
TRX00881,2026-02-04,Malang,Smartphone,Vivo V30,5550000,4,27470000,Debit,Laki-laki,27,4,Ya,460000
TRX00882,2026-02-18,Jakarta,Laptop,ASUS Vivobook 14,16350000,1,18533000,Kredit,Perempuan,22,5,Ya,810000
TRX00883,2026-04-17,Bandung,Elektronik Rumah Tangga,Rice Cooker Digital,1100000,1,1100000,Kredit,Perempuan,33,4,Tidak,320000
TRX00884,2026-05-28,Surabaya,Elektronik Rumah Tangga,Rice Cooker Digital,4250000,1,4250000,Kredit,Laki-laki,46,5,Tidak,470000
TRX00885,2026-04-23,Surabaya,Laptop,Lenovo IdeaPad Slim 3,10000000,2,20000000,Tunai,Perempuan,51,5,Tidak,700000
TRX00886,2026-05-04,Surabaya,Smartphone,OPPO Reno 12,9550000,1,10505000,E-Wallet,Perempuan,20,3,Ya,610000
TRX00887,2026-05-27,Bandung,Elektronik Rumah Tangga,"Smart TV 43""",3800000,5,23604000,Kredit,Laki-laki,29,4,Ya,340000
TRX00888,2026-03-14,Bandung,Smartphone,Vivo V30,3700000,1,4514000,Debit,Perempuan,41,4,Ya,530000
TRX00889,2026-01-07,Malang,Smartphone,Xiaomi Redmi Note 14,7050000,4,28200000,E-Wallet,Laki-laki,39,4,Tidak,470000
TRX00890,2026-03-19,Bandung,Smartphone,Samsung Galaxy A15,8650000,4,34600000,E-Wallet,Laki-laki,37,3,Tidak,480000
TRX00891,2026-01-07,Surabaya,Laptop,Lenovo IdeaPad Slim 3,7200000,6,43200000,E-Wallet,Laki-laki,54,5,Tidak,710000
TRX00892,2026-03-06,Bandung,Smartphone,Xiaomi Redmi Note 14,2600000,1,2816000,Debit,Perempuan,50,4,Ya,290000
TRX00893,2026-02-03,Surabaya,Smartphone,Vivo V30,1950000,1,2050000,E-Wallet,Laki-laki,24,5,Ya,550000
TRX00894,2026-01-10,Jakarta,Aksesoris,Headset Bluetooth,850000,5,4250000,Kredit,Perempuan,47,4,Tidak,840000
TRX00895,2026-05-15,Surabaya,Elektronik Rumah Tangga,Kipas Angin,3200000,2,7851000,Debit,Laki-laki,39,4,Ya,760000
TRX00896,2026-02-24,Jakarta,Smartphone,Vivo V30,4200000,2,9045000,Kredit,Perempuan,54,4,Ya,850000
TRX00897,2026-03-03,Jakarta,Laptop,Lenovo IdeaPad Slim 3,11850000,2,23700000,Debit,Perempuan,35,4,Tidak,650000
TRX00898,2026-04-11,Jakarta,Aksesoris,Keyboard Mechanical,200000,5,1080000,Tunai,Laki-laki,30,5,Ya,980000
TRX00899,2026-05-16,Jakarta,Smartphone,Xiaomi Redmi Note 14,8700000,1,8700000,Tunai,Perempuan,41,4,Tidak,1000000
TRX00900,2026-02-03,Jakarta,Smartphone,Samsung Galaxy A15,9450000,3,28350000,E-Wallet,Laki-laki,51,4,Tidak,920000
TRX00901,2026-05-25,Surabaya,Elektronik Rumah Tangga,Rice Cooker Digital,1550000,1,1645000,Debit,Laki-laki,25,5,Ya,600000
TRX00902,2026-01-06,Surabaya,Smartphone,Xiaomi Redmi Note 14,4700000,5,23500000,E-Wallet,Laki-laki,47,5,Tidak,720000
TRX00903,2026-03-09,Surabaya,Smartphone,Samsung Galaxy A15,9850000,2,21359000,Kredit,Laki-laki,53,4,Ya,490000
TRX00904,2026-04-15,Malang,Elektronik Rumah Tangga,Kipas Angin,6700000,2,16541000,Kredit,Perempuan,49,4,Ya,410000
TRX00905,2026-04-29,Surabaya,Laptop,Acer Aspire 5,10500000,1,10500000,Debit,Perempuan,48,4,Tidak,700000
TRX00906,2026-04-25,Jakarta,Elektronik Rumah Tangga,"Smart TV 43""",2450000,2,4900000,Kredit,Laki-laki,60,4,Tidak,990000
TRX00907,2026-02-02,Bandung,Smartphone,Vivo V30,3250000,3,9750000,Kredit,Perempuan,56,5,Tidak,410000
TRX00908,2026-03-23,Malang,Smartphone,OPPO Reno 12,8150000,1,9061000,E-Wallet,Laki-laki,37,4,Ya,430000
TRX00909,2026-05-10,Jakarta,Smartphone,Samsung Galaxy A15,8300000,2,18999000,Tunai,Perempuan,51,3,Ya,930000
TRX00910,2026-01-08,Bandung,Smartphone,Vivo V30,10850000,1,10850000,Debit,Perempuan,55,4,Tidak,450000
TRX00911,2026-04-28,Jakarta,Aksesoris,Headset Bluetooth,950000,2,1900000,Debit,Perempuan,25,3,Tidak,970000
TRX00912,2026-02-24,Surabaya,Smartphone,Samsung Galaxy A15,6000000,1,7055000,E-Wallet,Laki-laki,37,4,Ya,290000
TRX00913,2026-01-25,Surabaya,Elektronik Rumah Tangga,Air Fryer,5650000,5,28250000,E-Wallet,Laki-laki,44,4,Tidak,620000
TRX00914,2026-05-20,Malang,Smartphone,Vivo V30,12000000,3,44856000,E-Wallet,Perempuan,29,4,Ya,450000
TRX00915,2026-06-08,Surabaya,Smartphone,Vivo V30,4950000,5,29086000,Tunai,Perempuan,56,4,Ya,570000
TRX00916,2026-02-02,Bandung,Aksesoris,Headset Bluetooth,350000,6,2100000,Tunai,Perempuan,53,5,Tidak,280000
TRX00917,2026-04-05,Jakarta,Aksesoris,Power Bank,700000,1,700000,Debit,Laki-laki,39,1,Tidak,1080000
TRX00918,2026-01-06,Malang,Smartphone,Samsung Galaxy A15,2500000,3,7500000,Debit,Perempuan,23,5,Tidak,500000
TRX00919,2026-06-07,Malang,Laptop,Lenovo IdeaPad Slim 3,11350000,5,56750000,Tunai,Laki-laki,18,1,Tidak,330000
TRX00920,2026-03-24,Bandung,Laptop,HP 14,9800000,1,11450000,Kredit,Perempuan,24,5,Ya,390000
TRX00921,2026-02-23,Bandung,Smartphone,Xiaomi Redmi Note 14,7050000,4,28200000,Tunai,Perempuan,52,4,Tidak,460000
TRX00922,2026-04-14,Bandung,Smartphone,Samsung Galaxy A15,2250000,1,2250000,Kredit,Laki-laki,40,3,Tidak,490000
TRX00923,2026-03-12,Bandung,Elektronik Rumah Tangga,Air Fryer,5500000,1,6427000,Kredit,Laki-laki,21,4,Ya,390000
TRX00924,2026-02-20,Surabaya,Smartphone,OPPO Reno 12,11250000,1,11250000,Debit,Perempuan,39,5,Tidak,610000
TRX00925,2026-01-21,Jakarta,Laptop,HP 14,12750000,1,12750000,Debit,Perempuan,30,5,Tidak,970000
TRX00926,2026-02-22,Surabaya,Elektronik Rumah Tangga,Rice Cooker Digital,6700000,2,13400000,Debit,Laki-laki,24,5,Tidak,480000
TRX00927,2026-04-03,Surabaya,Smartphone,Xiaomi Redmi Note 14,10200000,5,51000000,Kredit,Perempuan,53,2,Tidak,550000
TRX00928,2026-01-29,Bandung,Elektronik Rumah Tangga,Kipas Angin,5850000,4,23400000,Debit,Perempuan,30,4,Tidak,360000
TRX00929,2026-05-04,Bandung,Laptop,Acer Aspire 5,7800000,3,28605000,Kredit,Perempuan,48,4,Ya,280000
TRX00930,2026-01-17,Surabaya,Smartphone,Xiaomi Redmi Note 14,4550000,3,13650000,Tunai,Perempuan,50,5,Tidak,560000
TRX00931,2026-05-02,Bandung,Laptop,Acer Aspire 5,14700000,1,14700000,E-Wallet,Perempuan,58,1,Tidak,280000
TRX00932,2026-05-29,Malang,Aksesoris,Power Bank,800000,2,1737000,Debit,Perempuan,59,2,Ya,520000
TRX00933,2026-04-17,Malang,Laptop,ASUS Vivobook 14,16150000,1,18600000,Kredit,Laki-laki,38,5,Ya,490000
TRX00934,2026-03-09,Jakarta,Aksesoris,Keyboard Mechanical,550000,4,2200000,E-Wallet,Laki-laki,38,3,Tidak,830000
TRX00935,2026-05-30,Bandung,Elektronik Rumah Tangga,Rice Cooker Digital,7500000,4,30000000,Tunai,Laki-laki,35,1,Tidak,250000
TRX00936,2026-02-23,Surabaya,Laptop,Lenovo IdeaPad Slim 3,14300000,2,28600000,E-Wallet,Laki-laki,52,2,Tidak,750000
TRX00937,2026-02-06,Jakarta,Laptop,Acer Aspire 5,16900000,2,33800000,Tunai,Perempuan,53,2,Tidak,750000
TRX00938,2026-02-23,Surabaya,Aksesoris,Keyboard Mechanical,900000,2,1800000,Debit,Laki-laki,18,4,Tidak,650000
TRX00939,2026-03-10,Jakarta,Aksesoris,Power Bank,150000,6,1099000,Kredit,Perempuan,55,2,Ya,1080000
TRX00940,2026-05-21,Jakarta,Aksesoris,Keyboard Mechanical,300000,2,600000,Debit,Laki-laki,49,2,Tidak,920000
TRX00941,2026-05-11,Malang,Smartphone,Vivo V30,4450000,2,10195000,E-Wallet,Perempuan,23,4,Ya,530000
TRX00942,2026-02-08,Jakarta,Laptop,HP 14,12700000,3,38100000,Tunai,Laki-laki,34,4,Tidak,1020000
TRX00943,2026-05-20,Jakarta,Smartphone,OPPO Reno 12,4400000,3,15879000,Debit,Laki-laki,40,4,Ya,930000
TRX00944,2026-01-28,Malang,Laptop,ASUS Vivobook 14,14150000,2,28300000,Debit,Laki-laki,49,3,Tidak,380000
TRX00945,2026-01-26,Malang,Elektronik Rumah Tangga,Rice Cooker Digital,900000,4,3600000,E-Wallet,Perempuan,49,3,Tidak,360000
TRX00946,2026-05-03,Bandung,Laptop,Lenovo IdeaPad Slim 3,7400000,2,14800000,E-Wallet,Laki-laki,42,4,Tidak,420000
TRX00947,2026-04-29,Surabaya,Smartphone,Vivo V30,2600000,2,5200000,Kredit,Perempuan,26,3,Tidak,670000
TRX00948,2026-05-15,Surabaya,Smartphone,OPPO Reno 12,5150000,1,6040000,Debit,Laki-laki,53,3,Ya,520000
TRX00949,2026-06-27,Bandung,Elektronik Rumah Tangga,Kipas Angin,600000,1,600000,E-Wallet,Perempuan,51,4,Tidak,350000
TRX00950,2026-04-15,Malang,Elektronik Rumah Tangga,"Smart TV 43""",3600000,1,4325000,Debit,Laki-laki,50,1,Ya,490000
TRX00951,2026-06-16,Surabaya,Laptop,ASUS Vivobook 14,11100000,3,33300000,Kredit,Laki-laki,58,4,Tidak,580000
TRX00952,2026-03-07,Surabaya,Laptop,HP 14,13350000,1,16305000,Debit,Laki-laki,52,5,Ya,580000
TRX00953,2026-02-28,Jakarta,Laptop,ASUS Vivobook 14,13950000,1,13950000,Kredit,Laki-laki,27,4,Tidak,790000
TRX00954,2026-02-28,Jakarta,Aksesoris,Mouse Wireless,550000,1,637000,Kredit,Laki-laki,41,3,Ya,1060000
TRX00955,2026-02-22,Surabaya,Smartphone,Vivo V30,3850000,6,23100000,Debit,Perempuan,20,2,Tidak,610000
TRX00956,2026-05-18,Surabaya,Smartphone,Xiaomi Redmi Note 14,11050000,1,11050000,E-Wallet,Laki-laki,25,5,Tidak,620000
TRX00957,2026-03-24,Bandung,Elektronik Rumah Tangga,Air Fryer,850000,2,2111000,E-Wallet,Perempuan,23,5,Ya,430000
TRX00958,2026-03-25,Jakarta,Smartphone,OPPO Reno 12,3100000,5,18695000,Tunai,Perempuan,43,5,Ya,940000
TRX00959,2026-01-09,Jakarta,Aksesoris,Keyboard Mechanical,600000,4,2775000,Tunai,Perempuan,36,5,Ya,730000
TRX00960,2026-03-04,Jakarta,Smartphone,OPPO Reno 12,9900000,4,44986000,E-Wallet,Laki-laki,51,4,Ya,990000
TRX00961,2026-05-07,Malang,Aksesoris,Power Bank,500000,3,1500000,Kredit,Perempuan,23,4,Tidak,470000
TRX00962,2026-01-13,Bandung,Elektronik Rumah Tangga,Kipas Angin,5500000,3,16500000,Debit,Perempuan,41,4,Tidak,370000
TRX00963,2026-05-01,Jakarta,Smartphone,Vivo V30,8050000,3,24150000,Debit,Laki-laki,34,5,Tidak,680000
TRX00964,2026-05-31,Jakarta,Elektronik Rumah Tangga,"Smart TV 43""",6650000,2,13300000,Kredit,Laki-laki,19,4,Tidak,1010000
TRX00965,2026-05-03,Jakarta,Elektronik Rumah Tangga,Kipas Angin,2250000,5,11250000,Debit,Perempuan,18,5,Tidak,1250000
TRX00966,2026-05-16,Surabaya,Smartphone,Samsung Galaxy A15,7400000,1,7400000,Tunai,Laki-laki,19,3,Tidak,520000
TRX00967,2026-04-30,Bandung,Smartphone,Vivo V30,10900000,3,32700000,Debit,Perempuan,21,5,Tidak,420000
TRX00968,2026-05-17,Jakarta,Smartphone,Vivo V30,10450000,2,20900000,Debit,Laki-laki,35,4,Tidak,930000
TRX00969,2026-03-08,Surabaya,Laptop,HP 14,16850000,1,16850000,Kredit,Perempuan,23,3,Tidak,620000
TRX00970,2026-02-06,Surabaya,Elektronik Rumah Tangga,"Smart TV 43""",400000,4,1854000,Tunai,Laki-laki,24,5,Ya,680000
TRX00971,2026-05-01,Surabaya,Elektronik Rumah Tangga,Rice Cooker Digital,2000000,2,4000000,E-Wallet,Laki-laki,25,3,Tidak,560000
TRX00972,2026-01-20,Jakarta,Laptop,Acer Aspire 5,13650000,4,54600000,Debit,Laki-laki,45,4,Tidak,1110000
TRX00973,2026-06-26,Malang,Smartphone,Samsung Galaxy A15,9000000,2,19192000,Debit,Laki-laki,24,5,Ya,480000
TRX00974,2026-01-18,Jakarta,Laptop,Acer Aspire 5,7050000,1,8310000,Kredit,Laki-laki,22,3,Ya,820000
TRX00975,2026-04-17,Malang,Aksesoris,Mouse Wireless,850000,5,4250000,Kredit,Laki-laki,40,3,Tidak,300000
TRX00976,2026-04-02,Malang,Elektronik Rumah Tangga,Air Fryer,4200000,2,9951000,Tunai,Laki-laki,35,3,Ya,480000
TRX00977,2026-02-21,Jakarta,Elektronik Rumah Tangga,Rice Cooker Digital,5050000,1,6164000,E-Wallet,Laki-laki,39,2,Ya,950000
TRX00978,2026-02-07,Surabaya,Elektronik Rumah Tangga,Kipas Angin,6300000,2,14036000,Tunai,Perempuan,58,4,Ya,500000
TRX00979,2026-03-18,Surabaya,Aksesoris,Power Bank,1150000,1,1233000,Debit,Laki-laki,32,5,Ya,540000
TRX00980,2026-01-06,Bandung,Smartphone,OPPO Reno 12,1800000,3,5832000,Tunai,Perempuan,34,5,Ya,370000
TRX00981,2026-05-09,Jakarta,Smartphone,OPPO Reno 12,7850000,2,15700000,Debit,Laki-laki,47,5,Tidak,840000
TRX00982,2026-03-24,Bandung,Smartphone,Xiaomi Redmi Note 14,9150000,1,9150000,Debit,Laki-laki,49,4,Tidak,440000
TRX00983,2026-06-17,Malang,Smartphone,OPPO Reno 12,2150000,1,2150000,E-Wallet,Perempuan,35,4,Tidak,420000
TRX00984,2026-04-06,Bandung,Elektronik Rumah Tangga,Rice Cooker Digital,4250000,1,4250000,Kredit,Laki-laki,40,3,Tidak,360000
TRX00985,2026-02-28,Bandung,Elektronik Rumah Tangga,"Smart TV 43""",900000,4,3941000,E-Wallet,Laki-laki,38,3,Ya,350000
TRX00986,2026-05-18,Surabaya,Elektronik Rumah Tangga,"Smart TV 43""",6900000,2,13800000,Tunai,Laki-laki,42,1,Tidak,490000
TRX00987,2026-03-28,Bandung,Aksesoris,Mouse Wireless,500000,1,581000,Debit,Laki-laki,34,3,Ya,380000
TRX00988,2026-05-11,Jakarta,Smartphone,OPPO Reno 12,9550000,1,9550000,E-Wallet,Laki-laki,18,2,Tidak,910000
TRX00989,2026-05-30,Surabaya,Elektronik Rumah Tangga,Rice Cooker Digital,650000,1,650000,Debit,Laki-laki,28,4,Tidak,660000
TRX00990,2026-02-19,Malang,Laptop,Acer Aspire 5,10750000,4,43000000,E-Wallet,Laki-laki,28,5,Tidak,500000
TRX00991,2026-02-19,Bandung,Elektronik Rumah Tangga,Kipas Angin,4950000,3,14850000,Tunai,Perempuan,21,4,Tidak,410000
TRX00992,2026-06-22,Malang,Aksesoris,Mouse Wireless,150000,4,715000,Tunai,Laki-laki,22,4,Ya,320000
TRX00993,2026-04-12,Malang,Smartphone,Samsung Galaxy A15,10700000,1,10700000,Tunai,Laki-laki,44,4,Tidak,470000
TRX00994,2026-05-05,Bandung,Smartphone,Samsung Galaxy A15,4050000,2,8100000,Tunai,Laki-laki,44,3,Tidak,540000
TRX00995,2026-06-13,Bandung,Laptop,HP 14,8700000,2,21516000,Debit,Perempuan,55,4,Ya,330000
TRX00996,2026-05-02,Jakarta,Smartphone,Vivo V30,2900000,3,8700000,Tunai,Laki-laki,54,5,Tidak,660000
TRX00997,2026-02-28,Surabaya,Smartphone,Samsung Galaxy A15,3300000,2,6600000,Debit,Laki-laki,39,4,Tidak,640000
TRX00998,2026-05-03,Malang,Aksesoris,Keyboard Mechanical,350000,1,406000,Debit,Laki-laki,32,4,Ya,410000
TRX00999,2026-03-09,Surabaya,Laptop,HP 14,8200000,2,18390000,Debit,Perempuan,43,5,Ya,670000
TRX01000,2026-03-23,Malang,Elektronik Rumah Tangga,Kipas Angin,3500000,2,7000000,E-Wallet,Laki-laki,50,3,Tidak,350000
TRX01001,2026-02-04,Surabaya,Aksesoris,Keyboard Mechanical,50000,2,100000,Debit,Perempuan,55,5,Tidak,530000
TRX01002,2026-03-21,Jakarta,Smartphone,OPPO Reno 12,4950000,1,5801000,Debit,Laki-laki,48,5,Ya,840000
TRX01003,2026-03-19,Jakarta,Elektronik Rumah Tangga,Air Fryer,2500000,3,9334000,Kredit,Laki-laki,52,4,Ya,770000
TRX01004,2026-01-02,Jakarta,Smartphone,OPPO Reno 12,8450000,1,8450000,Debit,Laki-laki,39,4,Tidak,950000
TRX01005,2026-03-30,Malang,Laptop,Lenovo IdeaPad Slim 3,14950000,2,37249000,Kredit,Perempuan,42,4,Ya,400000
TRX01006,2026-06-22,Malang,Smartphone,OPPO Reno 12,3950000,2,7900000,E-Wallet,Perempuan,26,3,Tidak,510000
TRX01007,2026-04-06,Jakarta,Smartphone,Xiaomi Redmi Note 14,4050000,6,24300000,Kredit,Perempuan,18,5,Tidak,970000
TRX01008,2026-04-28,Jakarta,Elektronik Rumah Tangga,Air Fryer,4150000,1,4150000,Debit,Laki-laki,19,1,Tidak,1000000
TRX01009,2026-02-20,Jakarta,Smartphone,Xiaomi Redmi Note 14,8650000,4,34600000,Debit,Perempuan,18,4,Tidak,840000
TRX01010,2026-06-11,Malang,Laptop,HP 14,8300000,1,8300000,Debit,Perempuan,31,4,Tidak,430000
TRX01011,2026-04-06,Jakarta,Elektronik Rumah Tangga,Rice Cooker Digital,6300000,1,6300000,E-Wallet,Laki-laki,53,4,Tidak,910000
TRX01012,2026-03-19,Jakarta,Laptop,ASUS Vivobook 14,11650000,1,14201000,E-Wallet,Laki-laki,54,2,Ya,930000
TRX01013,2026-05-13,Bandung,Smartphone,Vivo V30,5000000,1,5000000,Kredit,Laki-laki,24,3,Tidak,330000
TRX01014,2026-01-29,Bandung,Laptop,HP 14,14100000,1,14100000,Kredit,Laki-laki,38,2,Tidak,460000
TRX01015,2026-03-04,Jakarta,Aksesoris,Mouse Wireless,500000,4,2152000,E-Wallet,Perempuan,54,3,Ya,1250000
TRX01016,2026-03-26,Malang,Elektronik Rumah Tangga,"Smart TV 43""",4300000,3,15795000,Tunai,Perempuan,35,5,Ya,490000
TRX01017,2026-03-20,Surabaya,Aksesoris,Power Bank,500000,6,3484000,Kredit,Perempuan,19,5,Ya,730000
TRX01018,2026-03-06,Malang,Smartphone,OPPO Reno 12,8800000,5,52165000,E-Wallet,Laki-laki,33,4,Ya,550000
TRX01019,2026-01-06,Bandung,Elektronik Rumah Tangga,Rice Cooker Digital,4650000,1,5375000,Kredit,Perempuan,35,2,Ya,390000
TRX01020,2026-01-25,Bandung,Smartphone,OPPO Reno 12,10550000,3,31650000,Tunai,Laki-laki,27,2,Tidak,430000
TRX01021,2026-05-20,Surabaya,Smartphone,Xiaomi Redmi Note 14,2850000,1,2850000,Kredit,Perempuan,26,2,Tidak,640000
TRX01022,2026-04-21,Bandung,Elektronik Rumah Tangga,"Smart TV 43""",3800000,1,3800000,Kredit,Perempuan,59,4,Tidak,330000
TRX01023,2026-01-25,Bandung,Elektronik Rumah Tangga,Air Fryer,5000000,1,5545000,Debit,Perempuan,30,3,Ya,410000
TRX01024,2026-03-12,Surabaya,Elektronik Rumah Tangga,"Smart TV 43""",2900000,5,14500000,Kredit,Laki-laki,32,5,Tidak,670000
TRX01025,2026-03-14,Jakarta,Laptop,HP 14,9700000,1,9700000,Debit,Laki-laki,46,4,Tidak,480000
TRX01026,2026-06-18,Malang,Laptop,ASUS Vivobook 14,11000000,2,22000000,Kredit,Laki-laki,31,4,Tidak,500000
TRX01027,2026-06-02,Surabaya,Elektronik Rumah Tangga,Kipas Angin,5200000,1,5200000,Debit,Laki-laki,37,5,Tidak,410000
TRX01028,2026-06-14,Surabaya,Aksesoris,Headset Bluetooth,350000,1,350000,Kredit,Perempuan,33,3,Tidak,610000
TRX01029,2026-01-05,Jakarta,Smartphone,Samsung Galaxy A15,7700000,2,15400000,Debit,Laki-laki,51,5,Tidak,1050000
TRX01030,2026-06-22,Surabaya,Laptop,ASUS Vivobook 14,15950000,2,38216000,Tunai,Laki-laki,37,4,Ya,440000
TRX01031,2026-03-03,Bandung,Laptop,ASUS Vivobook 14,11750000,4,50409000,E-Wallet,Laki-laki,50,4,Ya,330000
TRX01032,2026-04-26,Bandung,Laptop,Lenovo IdeaPad Slim 3,13100000,4,52400000,Kredit,Laki-laki,34,3,Tidak,380000
TRX01033,2026-05-28,Malang,Laptop,ASUS Vivobook 14,16450000,1,16450000,Tunai,Perempuan,55,5,Tidak,590000
TRX01034,2026-03-03,Bandung,Elektronik Rumah Tangga,"Smart TV 43""",450000,2,900000,Kredit,Perempuan,45,3,Tidak,340000
TRX01035,2026-03-23,Bandung,Aksesoris,Headset Bluetooth,900000,5,4500000,Kredit,Perempuan,28,3,Tidak,370000
TRX01036,2026-01-15,Malang,Smartphone,OPPO Reno 12,7400000,1,8336000,Tunai,Perempuan,38,4,Ya,450000
TRX01037,2026-06-29,Bandung,Smartphone,OPPO Reno 12,5100000,4,20400000,Tunai,Laki-laki,28,3,Tidak,490000
TRX01038,2026-03-09,Jakarta,Laptop,Acer Aspire 5,9500000,2,23593000,Debit,Laki-laki,55,4,Ya,750000
TRX01039,2026-01-01,Jakarta,Elektronik Rumah Tangga,Rice Cooker Digital,5750000,3,17250000,E-Wallet,Perempuan,18,1,Tidak,1110000
TRX01040,2026-03-13,Jakarta,Smartphone,Xiaomi Redmi Note 14,2100000,1,2506000,E-Wallet,Perempuan,60,4,Ya,840000
TRX01041,2026-06-26,Jakarta,Smartphone,Samsung Galaxy A15,9400000,1,9400000,E-Wallet,Perempuan,33,4,Tidak,680000
TRX01042,2026-02-05,Jakarta,Elektronik Rumah Tangga,"Smart TV 43""",7050000,1,7050000,Kredit,Laki-laki,20,5,Tidak,960000
TRX01043,2026-05-15,Jakarta,Elektronik Rumah Tangga,Kipas Angin,2850000,1,2850000,Kredit,Laki-laki,47,5,Tidak,920000
TRX01044,2026-06-07,Jakarta,Elektronik Rumah Tangga,"Smart TV 43""",3650000,1,3650000,E-Wallet,Perempuan,32,4,Tidak,1160000
TRX01045,2026-04-02,Jakarta,Smartphone,Samsung Galaxy A15,9050000,1,9752000,E-Wallet,Laki-laki,26,3,Ya,710000
TRX01046,2026-05-29,Surabaya,Aksesoris,Headset Bluetooth,550000,1,587000,Kredit,Perempuan,34,3,Ya,570000
TRX01047,2026-04-13,Bandung,Laptop,ASUS Vivobook 14,7800000,3,23400000,E-Wallet,Laki-laki,54,5,Tidak,460000
TRX01048,2026-03-29,Bandung,Elektronik Rumah Tangga,"Smart TV 43""",4050000,1,4393000,Kredit,Perempuan,43,4,Ya,360000
TRX01049,2026-02-14,Surabaya,Elektronik Rumah Tangga,Air Fryer,1600000,1,1600000,Debit,Perempuan,57,4,Tidak,610000
TRX01050,2026-05-06,Malang,Smartphone,Vivo V30,4800000,1,4800000,E-Wallet,Perempuan,26,5,Tidak,480000
TRX01051,2026-05-02,Jakarta,Aksesoris,Headset Bluetooth,1050000,2,2100000,E-Wallet,Laki-laki,48,4,Tidak,1200000
TRX01052,2026-01-06,Bandung,Aksesoris,Mouse Wireless,300000,3,1122000,Debit,Laki-laki,54,1,Ya,410000
TRX01053,2026-03-15,Jakarta,Elektronik Rumah Tangga,"Smart TV 43""",1650000,1,1963000,Debit,Perempuan,49,3,Ya,770000
TRX01054,2026-01-03,Malang,Smartphone,Vivo V30,10900000,2,21800000,Kredit,Perempuan,29,2,Tidak,520000
TRX01055,2026-06-29,Malang,Smartphone,Samsung Galaxy A15,2150000,3,6450000,E-Wallet,Perempuan,32,5,Tidak,390000
TRX01056,2026-04-03,Surabaya,Laptop,ASUS Vivobook 14,13850000,4,66750000,Kredit,Laki-laki,50,3,Ya,670000
TRX01057,2026-04-25,Surabaya,Aksesoris,Keyboard Mechanical,400000,2,800000,Debit,Laki-laki,37,3,Tidak,470000
TRX01058,2026-05-30,Surabaya,Aksesoris,Keyboard Mechanical,800000,1,852000,Debit,Laki-laki,42,3,Ya,690000
TRX01059,2026-03-25,Malang,Smartphone,Samsung Galaxy A15,2850000,4,12342000,Kredit,Perempuan,31,3,Ya,480000
TRX01060,2026-05-04,Jakarta,Elektronik Rumah Tangga,"Smart TV 43""",2700000,1,2700000,E-Wallet,Perempuan,51,4,Tidak,970000
TRX01061,2026-05-19,Malang,Smartphone,Xiaomi Redmi Note 14,10400000,2,20800000,Debit,Perempuan,19,4,Tidak,380000
TRX01062,2026-01-02,Malang,Aksesoris,Keyboard Mechanical,1000000,1,1000000,Debit,Laki-laki,35,3,Tidak,320000
TRX01063,2026-04-21,Malang,Aksesoris,Headset Bluetooth,700000,1,839000,E-Wallet,Laki-laki,34,5,Ya,450000
TRX01064,2026-06-05,Bandung,Smartphone,Samsung Galaxy A15,2150000,1,2150000,Tunai,Laki-laki,33,2,Tidak,360000
TRX01065,2026-05-19,Surabaya,Smartphone,OPPO Reno 12,4150000,1,5022000,Debit,Laki-laki,48,4,Ya,690000
TRX01066,2026-04-25,Surabaya,Aksesoris,Keyboard Mechanical,700000,1,700000,Debit,Perempuan,49,3,Tidak,530000
TRX01067,2026-05-11,Surabaya,Elektronik Rumah Tangga,"Smart TV 43""",2250000,1,2250000,Debit,Laki-laki,53,4,Tidak,680000
TRX01068,2026-04-10,Malang,Elektronik Rumah Tangga,Rice Cooker Digital,6250000,2,14487000,E-Wallet,Perempuan,58,1,Ya,570000
TRX01069,2026-06-17,Jakarta,Smartphone,Xiaomi Redmi Note 14,6350000,1,6350000,E-Wallet,Laki-laki,59,3,Tidak,1140000
TRX01070,2026-01-02,Malang,Smartphone,OPPO Reno 12,2600000,4,10400000,Debit,Perempuan,59,2,Tidak,380000
TRX01071,2026-06-19,Surabaya,Elektronik Rumah Tangga,Rice Cooker Digital,4000000,3,13497000,Kredit,Laki-laki,31,5,Ya,720000
TRX01072,2026-01-18,Bandung,Aksesoris,Keyboard Mechanical,900000,3,2700000,E-Wallet,Perempuan,55,4,Tidak,380000
TRX01073,2026-04-04,Malang,Smartphone,Xiaomi Redmi Note 14,3350000,2,6700000,Kredit,Laki-laki,47,4,Tidak,500000
TRX01074,2026-01-08,Malang,Smartphone,Xiaomi Redmi Note 14,7250000,3,26616000,Debit,Laki-laki,60,4,Ya,470000
TRX01075,2026-01-12,Surabaya,Laptop,ASUS Vivobook 14,13200000,1,13200000,Debit,Perempuan,44,5,Tidak,540000
TRX01076,2026-06-08,Jakarta,Smartphone,OPPO Reno 12,6350000,2,12700000,E-Wallet,Laki-laki,22,5,Tidak,960000
TRX01077,2026-06-22,Bandung,Smartphone,OPPO Reno 12,2800000,1,2800000,Debit,Laki-laki,19,4,Tidak,390000
TRX01078,2026-05-27,Malang,Aksesoris,Keyboard Mechanical,550000,3,1650000,Tunai,Laki-laki,35,3,Tidak,450000
TRX01079,2026-04-11,Malang,Laptop,HP 14,9000000,1,9000000,E-Wallet,Perempuan,31,4,Tidak,440000
TRX01080,2026-05-09,Jakarta,Aksesoris,Keyboard Mechanical,150000,4,600000,E-Wallet,Perempuan,20,5,Tidak,1000000
TRX01081,2026-06-27,Jakarta,Elektronik Rumah Tangga,"Smart TV 43""",5350000,5,26750000,E-Wallet,Perempuan,24,4,Tidak,960000
TRX01082,2026-01-21,Jakarta,Smartphone,OPPO Reno 12,10200000,4,50924000,Kredit,Laki-laki,43,4,Ya,740000
TRX01083,2026-06-12,Bandung,Smartphone,Vivo V30,6650000,1,7571000,Debit,Perempuan,22,5,Ya,280000
TRX01084,2026-01-13,Malang,Laptop,Acer Aspire 5,9550000,4,46786000,E-Wallet,Perempuan,25,3,Ya,510000
TRX01085,2026-04-22,Jakarta,Smartphone,OPPO Reno 12,12000000,1,14265000,Debit,Laki-laki,50,3,Ya,1050000
TRX01086,2026-03-22,Surabaya,Aksesoris,Keyboard Mechanical,550000,3,1938000,E-Wallet,Laki-laki,36,5,Ya,610000
TRX01087,2026-04-10,Jakarta,Laptop,Lenovo IdeaPad Slim 3,17700000,1,17700000,Tunai,Laki-laki,23,4,Tidak,660000
TRX01088,2026-05-24,Malang,Smartphone,Samsung Galaxy A15,2800000,3,8400000,Debit,Laki-laki,26,2,Tidak,360000
TRX01089,2026-03-05,Jakarta,Aksesoris,Headset Bluetooth,1100000,5,6793000,Tunai,Laki-laki,55,4,Ya,840000
TRX01090,2026-01-06,Surabaya,Laptop,HP 14,10900000,2,21800000,Tunai,Laki-laki,44,2,Tidak,620000
TRX01091,2026-06-18,Surabaya,Smartphone,OPPO Reno 12,10200000,1,10200000,Kredit,Perempuan,59,3,Tidak,580000
TRX01092,2026-05-21,Jakarta,Smartphone,Vivo V30,5000000,1,5539000,Debit,Perempuan,56,2,Ya,920000
TRX01093,2026-02-24,Surabaya,Smartphone,Samsung Galaxy A15,2150000,1,2150000,E-Wallet,Laki-laki,51,3,Tidak,490000
TRX01094,2026-05-30,Bandung,Laptop,Acer Aspire 5,9850000,1,11672000,E-Wallet,Perempuan,56,2,Ya,470000
TRX01095,2026-02-19,Jakarta,Elektronik Rumah Tangga,Air Fryer,2200000,1,2200000,Tunai,Perempuan,48,5,Tidak,690000
TRX01096,2026-06-05,Jakarta,Laptop,HP 14,13450000,1,13450000,Tunai,Laki-laki,23,3,Tidak,880000
TRX01097,2026-04-28,Bandung,Elektronik Rumah Tangga,"Smart TV 43""",1950000,3,5850000,Kredit,Perempuan,51,3,Tidak,460000
TRX01098,2026-02-18,Surabaya,Smartphone,Vivo V30,7050000,2,14100000,Kredit,Laki-laki,55,5,Tidak,720000
TRX01099,2026-03-02,Surabaya,Smartphone,Vivo V30,9500000,2,20360000,E-Wallet,Perempuan,47,3,Ya,530000
TRX01100,2026-03-18,Jakarta,Laptop,ASUS Vivobook 14,14550000,2,29100000,Debit,Laki-laki,60,2,Tidak,1050000
TRX01101,2026-05-29,Jakarta,Elektronik Rumah Tangga,Air Fryer,6150000,1,6150000,Debit,Laki-laki,59,5,Tidak,890000
TRX01102,2026-06-19,Malang,Elektronik Rumah Tangga,Rice Cooker Digital,2400000,1,2827000,Tunai,Laki-laki,20,4,Ya,450000
TRX01103,2026-03-28,Surabaya,Smartphone,OPPO Reno 12,7900000,1,8597000,Debit,Laki-laki,45,4,Ya,630000
TRX01104,2026-06-13,Jakarta,Laptop,Lenovo IdeaPad Slim 3,15300000,4,68120000,E-Wallet,Perempuan,43,4,Ya,830000
TRX01105,2026-02-16,Jakarta,Elektronik Rumah Tangga,Kipas Angin,4300000,2,8600000,E-Wallet,Perempuan,27,2,Tidak,900000
TRX01106,2026-04-12,Jakarta,Aksesoris,Headset Bluetooth,400000,3,1200000,E-Wallet,Perempuan,53,4,Tidak,1190000
TRX01107,2026-05-27,Malang,Elektronik Rumah Tangga,Kipas Angin,3400000,3,10200000,E-Wallet,Perempuan,52,5,Tidak,450000
TRX01108,2026-02-04,Jakarta,Laptop,Lenovo IdeaPad Slim 3,9750000,3,29250000,Tunai,Perempuan,60,5,Tidak,840000
TRX01109,2026-04-19,Jakarta,Smartphone,Xiaomi Redmi Note 14,9150000,1,10732000,Kredit,Laki-laki,53,5,Ya,880000
TRX01110,2026-01-16,Jakarta,Laptop,ASUS Vivobook 14,14950000,2,37257000,E-Wallet,Perempuan,49,4,Ya,860000
TRX01111,2026-02-05,Malang,Elektronik Rumah Tangga,Air Fryer,6500000,2,13000000,Kredit,Laki-laki,28,2,Tidak,380000
TRX01112,2026-05-15,Jakarta,Aksesoris,Mouse Wireless,800000,2,1600000,Debit,Perempuan,35,4,Tidak,990000
TRX01113,2026-01-04,Surabaya,Laptop,HP 14,13750000,1,14674000,Kredit,Laki-laki,34,4,Ya,650000
TRX01114,2026-05-10,Jakarta,Smartphone,Samsung Galaxy A15,5350000,4,21400000,E-Wallet,Laki-laki,28,3,Tidak,860000
TRX01115,2026-01-03,Surabaya,Laptop,HP 14,15400000,2,30800000,Kredit,Laki-laki,46,5,Tidak,620000
TRX01116,2026-05-09,Bandung,Elektronik Rumah Tangga,"Smart TV 43""",6550000,1,6550000,Kredit,Laki-laki,55,3,Tidak,310000
TRX01117,2026-02-10,Jakarta,Laptop,Acer Aspire 5,9950000,3,36853000,E-Wallet,Laki-laki,32,2,Ya,910000
TRX01118,2026-03-25,Jakarta,Laptop,HP 14,9500000,1,11401000,E-Wallet,Perempuan,51,4,Ya,750000
TRX01119,2026-03-17,Jakarta,Elektronik Rumah Tangga,"Smart TV 43""",7350000,3,24453000,Tunai,Laki-laki,50,5,Ya,790000
TRX01120,2026-01-10,Bandung,Smartphone,Samsung Galaxy A15,5750000,2,12719000,E-Wallet,Perempuan,35,5,Ya,380000
TRX01121,2026-05-05,Jakarta,Smartphone,OPPO Reno 12,6500000,2,14145000,Kredit,Perempuan,36,3,Ya,880000
TRX01122,2026-02-23,Malang,Smartphone,OPPO Reno 12,2100000,3,6300000,E-Wallet,Perempuan,19,4,Tidak,390000
TRX01123,2026-02-16,Bandung,Smartphone,Vivo V30,11450000,4,45800000,Debit,Laki-laki,47,5,Tidak,480000
TRX01124,2026-02-04,Malang,Smartphone,Vivo V30,11050000,1,11050000,Tunai,Laki-laki,43,4,Tidak,410000
TRX01125,2026-04-09,Malang,Laptop,HP 14,16400000,3,49200000,E-Wallet,Perempuan,53,4,Tidak,430000
TRX01126,2026-04-18,Bandung,Aksesoris,Mouse Wireless,350000,2,765000,E-Wallet,Perempuan,31,4,Ya,410000
TRX01127,2026-01-06,Bandung,Aksesoris,Power Bank,350000,3,1050000,Kredit,Laki-laki,23,2,Tidak,300000
TRX01128,2026-05-06,Bandung,Laptop,ASUS Vivobook 14,10600000,4,42400000,Kredit,Perempuan,51,3,Tidak,430000
TRX01129,2026-05-11,Bandung,Smartphone,Samsung Galaxy A15,2650000,2,5601000,Debit,Laki-laki,26,4,Ya,360000
TRX01130,2026-03-30,Bandung,Laptop,Acer Aspire 5,10100000,1,10900000,Tunai,Perempuan,18,4,Ya,450000
TRX01131,2026-06-03,Bandung,Smartphone,OPPO Reno 12,4250000,5,21250000,Debit,Laki-laki,58,3,Tidak,400000
TRX01132,2026-05-30,Surabaya,Elektronik Rumah Tangga,Air Fryer,2500000,2,5000000,Debit,Laki-laki,58,2,Tidak,620000
TRX01133,2026-05-20,Surabaya,Smartphone,OPPO Reno 12,3150000,2,7541000,Kredit,Laki-laki,31,3,Ya,600000
TRX01134,2026-03-13,Surabaya,Smartphone,OPPO Reno 12,3450000,2,8531000,E-Wallet,Laki-laki,28,4,Ya,490000
TRX01135,2026-06-17,Malang,Smartphone,Vivo V30,7850000,1,8725000,E-Wallet,Perempuan,43,1,Ya,430000
TRX01136,2026-06-22,Jakarta,Laptop,ASUS Vivobook 14,13000000,6,92951000,Debit,Perempuan,36,4,Ya,700000
TRX01137,2026-06-07,Malang,Smartphone,Xiaomi Redmi Note 14,5600000,2,11200000,E-Wallet,Perempuan,45,5,Tidak,550000
TRX01138,2026-05-30,Bandung,Laptop,Acer Aspire 5,14650000,2,36536000,Debit,Laki-laki,20,5,Ya,530000
TRX01139,2026-03-11,Malang,Aksesoris,Headset Bluetooth,1150000,1,1252000,Tunai,Laki-laki,24,5,Ya,560000
TRX01140,2026-04-30,Bandung,Laptop,ASUS Vivobook 14,9750000,1,9750000,Debit,Perempuan,59,4,Tidak,450000
TRX01141,2026-04-29,Surabaya,Elektronik Rumah Tangga,"Smart TV 43""",4950000,4,23288000,E-Wallet,Perempuan,40,2,Ya,640000
TRX01142,2026-01-21,Jakarta,Smartphone,Vivo V30,4600000,4,21636000,E-Wallet,Laki-laki,48,4,Ya,750000
TRX01143,2026-03-28,Surabaya,Elektronik Rumah Tangga,Kipas Angin,6750000,2,16241000,Debit,Laki-laki,22,3,Ya,650000
TRX01144,2026-01-06,Jakarta,Elektronik Rumah Tangga,Air Fryer,4800000,1,4800000,Kredit,Perempuan,52,5,Tidak,750000
TRX01145,2026-02-25,Malang,Laptop,Lenovo IdeaPad Slim 3,7150000,2,14300000,Kredit,Laki-laki,37,4,Tidak,550000
TRX01146,2026-02-04,Jakarta,Smartphone,OPPO Reno 12,6000000,3,20511000,E-Wallet,Perempuan,22,4,Ya,660000
TRX01147,2026-04-08,Bandung,Elektronik Rumah Tangga,Kipas Angin,3900000,3,12400000,Kredit,Laki-laki,52,4,Ya,510000
TRX01148,2026-05-20,Jakarta,Laptop,ASUS Vivobook 14,10250000,3,30750000,Debit,Perempuan,59,4,Tidak,680000
TRX01149,2026-01-02,Jakarta,Elektronik Rumah Tangga,"Smart TV 43""",3450000,3,10350000,Debit,Laki-laki,31,2,Tidak,1040000
TRX01150,2026-01-30,Malang,Laptop,Acer Aspire 5,17600000,1,17600000,Debit,Perempuan,49,4,Tidak,420000
TRX01151,2026-05-31,Surabaya,Smartphone,OPPO Reno 12,11000000,3,33000000,Debit,Laki-laki,36,5,Tidak,630000
TRX01152,2026-05-11,Surabaya,Aksesoris,Headset Bluetooth,200000,3,600000,Tunai,Perempuan,44,4,Tidak,690000
TRX01153,2026-05-21,Bandung,Laptop,HP 14,13300000,4,53200000,Debit,Laki-laki,56,4,Tidak,370000
TRX01154,2026-02-05,Bandung,Aksesoris,Keyboard Mechanical,700000,1,700000,Kredit,Perempuan,40,5,Tidak,350000
TRX01155,2026-04-11,Jakarta,Elektronik Rumah Tangga,Kipas Angin,450000,1,450000,Debit,Laki-laki,43,4,Tidak,1060000
TRX01156,2026-03-13,Jakarta,Laptop,Acer Aspire 5,8050000,3,24150000,Kredit,Perempuan,48,4,Tidak,840000
TRX01157,2026-05-05,Surabaya,Laptop,ASUS Vivobook 14,14800000,1,14800000,Debit,Perempuan,39,4,Tidak,440000
TRX01158,2026-04-20,Bandung,Elektronik Rumah Tangga,Kipas Angin,1350000,3,4945000,Kredit,Perempuan,52,4,Ya,460000
TRX01159,2026-03-27,Malang,Aksesoris,Keyboard Mechanical,450000,5,2250000,E-Wallet,Perempuan,26,3,Tidak,500000
TRX01160,2026-05-01,Jakarta,Aksesoris,Headset Bluetooth,900000,2,1800000,Kredit,Perempuan,19,4,Tidak,850000
TRX01161,2026-06-25,Bandung,Elektronik Rumah Tangga,Air Fryer,4950000,1,4950000,Debit,Perempuan,27,3,Tidak,380000
TRX01162,2026-04-20,Jakarta,Laptop,Acer Aspire 5,16850000,2,33700000,Debit,Laki-laki,31,5,Tidak,1090000
TRX01163,2026-03-18,Bandung,Laptop,ASUS Vivobook 14,7050000,1,7050000,E-Wallet,Perempuan,60,4,Tidak,440000
TRX01164,2026-06-29,Malang,Laptop,HP 14,15350000,1,15350000,E-Wallet,Laki-laki,57,3,Tidak,520000
TRX01165,2026-04-27,Surabaya,Smartphone,Vivo V30,6600000,1,8190000,Debit,Perempuan,50,5,Ya,480000
TRX01166,2026-06-13,Surabaya,Elektronik Rumah Tangga,Kipas Angin,4250000,3,12750000,Kredit,Perempuan,18,4,Tidak,600000
TRX01167,2026-03-31,Bandung,Aksesoris,Keyboard Mechanical,650000,1,650000,E-Wallet,Perempuan,57,4,Tidak,450000
TRX01168,2026-01-27,Bandung,Smartphone,Vivo V30,11500000,2,23000000,Debit,Laki-laki,39,5,Tidak,400000
TRX01169,2026-04-19,Jakarta,Laptop,Lenovo IdeaPad Slim 3,7300000,2,17850000,Kredit,Laki-laki,23,5,Ya,1090000
TRX01170,2026-02-21,Malang,Elektronik Rumah Tangga,"Smart TV 43""",7350000,5,36750000,E-Wallet,Laki-laki,38,4,Tidak,520000
TRX01171,2026-01-02,Surabaya,Elektronik Rumah Tangga,Air Fryer,4450000,3,13350000,Kredit,Laki-laki,40,1,Tidak,580000
TRX01172,2026-05-19,Bandung,Elektronik Rumah Tangga,"Smart TV 43""",7200000,1,7200000,Tunai,Perempuan,18,4,Tidak,400000
TRX01173,2026-05-07,Jakarta,Aksesoris,Mouse Wireless,850000,5,4250000,Debit,Laki-laki,48,2,Tidak,950000
TRX01174,2026-03-26,Bandung,Aksesoris,Keyboard Mechanical,850000,2,1878000,Kredit,Laki-laki,35,4,Ya,440000
TRX01175,2026-06-18,Surabaya,Laptop,Acer Aspire 5,7300000,2,16904000,Kredit,Perempuan,45,5,Ya,630000
TRX01176,2026-03-19,Bandung,Elektronik Rumah Tangga,Kipas Angin,1700000,1,1700000,Debit,Laki-laki,35,2,Tidak,440000
TRX01177,2026-03-17,Malang,Laptop,Lenovo IdeaPad Slim 3,13300000,3,39900000,Tunai,Laki-laki,37,3,Tidak,510000
TRX01178,2026-03-12,Jakarta,Elektronik Rumah Tangga,Rice Cooker Digital,5850000,2,11700000,Debit,Laki-laki,58,4,Tidak,980000
TRX01179,2026-04-19,Bandung,Aksesoris,Keyboard Mechanical,1000000,3,3000000,Debit,Perempuan,19,4,Tidak,320000
TRX01180,2026-05-13,Malang,Laptop,Acer Aspire 5,17000000,2,34000000,Debit,Laki-laki,25,4,Tidak,440000
TRX01181,2026-02-03,Malang,Smartphone,Vivo V30,10750000,1,10750000,Kredit,Perempuan,60,5,Tidak,460000
TRX01182,2026-04-01,Jakarta,Elektronik Rumah Tangga,Kipas Angin,5850000,2,12485000,Kredit,Perempuan,57,4,Ya,970000
TRX01183,2026-03-25,Jakarta,Smartphone,OPPO Reno 12,10550000,5,52750000,Tunai,Perempuan,34,4,Tidak,720000
TRX01184,2026-01-19,Malang,Elektronik Rumah Tangga,Air Fryer,7250000,3,22920000,Debit,Perempuan,50,5,Ya,500000
TRX01185,2026-01-27,Malang,Smartphone,OPPO Reno 12,9250000,3,33557000,Kredit,Perempuan,59,4,Ya,390000
TRX01186,2026-03-07,Bandung,Smartphone,Xiaomi Redmi Note 14,9450000,4,43176000,Kredit,Perempuan,22,3,Ya,420000
TRX01187,2026-04-07,Surabaya,Laptop,ASUS Vivobook 14,13500000,3,40500000,Debit,Laki-laki,49,4,Tidak,570000
TRX01188,2026-04-06,Bandung,Laptop,Acer Aspire 5,9150000,5,55117000,E-Wallet,Laki-laki,24,3,Ya,340000
TRX01189,2026-02-12,Malang,Aksesoris,Headset Bluetooth,550000,1,550000,Debit,Laki-laki,59,3,Tidak,570000
TRX01190,2026-02-21,Jakarta,Aksesoris,Mouse Wireless,350000,2,700000,Tunai,Laki-laki,22,4,Tidak,880000
TRX01191,2026-02-10,Malang,Aksesoris,Keyboard Mechanical,350000,1,350000,E-Wallet,Laki-laki,40,4,Tidak,480000
TRX01192,2026-01-23,Surabaya,Laptop,Acer Aspire 5,17550000,1,17550000,Debit,Laki-laki,46,4,Tidak,570000
TRX01193,2026-01-20,Malang,Elektronik Rumah Tangga,"Smart TV 43""",7500000,3,22500000,Tunai,Perempuan,33,4,Tidak,480000
TRX01194,2026-04-11,Jakarta,Smartphone,Xiaomi Redmi Note 14,3350000,5,16750000,Tunai,Perempuan,54,3,Tidak,1030000
TRX01195,2026-03-28,Jakarta,Aksesoris,Mouse Wireless,1200000,1,1200000,Kredit,Laki-laki,45,3,Tidak,730000
TRX01196,2026-05-21,Surabaya,Aksesoris,Power Bank,250000,2,500000,Kredit,Laki-laki,41,3,Tidak,630000
TRX01197,2026-02-06,Jakarta,Aksesoris,Power Bank,150000,2,300000,Debit,Laki-laki,22,3,Tidak,730000
TRX01198,2026-04-27,Surabaya,Smartphone,Vivo V30,9900000,1,9900000,E-Wallet,Laki-laki,28,4,Tidak,660000
TRX01199,2026-04-21,Jakarta,Smartphone,OPPO Reno 12,8500000,5,42500000,E-Wallet,Perempuan,53,4,Tidak,1030000
TRX01200,2026-02-07,Bandung,Aksesoris,Keyboard Mechanical,1150000,1,1150000,Debit,Laki-laki,55,4,Tidak,330000
TRX01201,2026-01-23,Malang,Smartphone,Vivo V30,6250000,3,18750000,E-Wallet,Laki-laki,33,3,Tidak,490000
TRX01202,2026-04-05,Jakarta,Smartphone,Xiaomi Redmi Note 14,4400000,3,13200000,Kredit,Laki-laki,43,1,Tidak,730000
TRX01203,2026-02-13,Surabaya,Laptop,HP 14,14900000,1,14900000,E-Wallet,Laki-laki,41,3,Tidak,540000
TRX01204,2026-02-28,Malang,Smartphone,Vivo V30,1900000,2,3800000,Tunai,Perempuan,19,5,Tidak,430000
TRX01205,2026-06-04,Bandung,Laptop,HP 14,11600000,3,34800000,Debit,Perempuan,20,5,Tidak,400000
TRX01206,2026-03-02,Bandung,Aksesoris,Mouse Wireless,900000,3,3109000,Tunai,Laki-laki,29,4,Ya,370000
TRX01207,2026-06-25,Surabaya,Laptop,ASUS Vivobook 14,15250000,1,15250000,E-Wallet,Perempuan,52,4,Tidak,600000
TRX01208,2026-03-28,Malang,Laptop,Lenovo IdeaPad Slim 3,12050000,1,14324000,E-Wallet,Laki-laki,59,1,Ya,450000
TRX01209,2026-06-09,Jakarta,Aksesoris,Mouse Wireless,650000,1,650000,E-Wallet,Perempuan,25,4,Tidak,1070000
TRX01210,2026-02-15,Surabaya,Aksesoris,Power Bank,800000,3,2400000,Tunai,Laki-laki,22,3,Tidak,580000
TRX01211,2026-06-01,Bandung,Smartphone,Xiaomi Redmi Note 14,3300000,3,9900000,E-Wallet,Laki-laki,38,4,Tidak,400000
TRX01212,2026-04-29,Jakarta,Aksesoris,Power Bank,1150000,2,2300000,Kredit,Perempuan,38,5,Tidak,870000
TRX01213,2026-02-07,Malang,Smartphone,OPPO Reno 12,2550000,5,13394000,Tunai,Perempuan,59,5,Ya,490000
TRX01214,2026-06-10,Jakarta,Smartphone,OPPO Reno 12,4400000,2,8800000,Debit,Perempuan,45,2,Tidak,950000
TRX01215,2026-03-23,Surabaya,Elektronik Rumah Tangga,Kipas Angin,4450000,2,10546000,E-Wallet,Laki-laki,25,4,Ya,580000
TRX01216,2026-04-23,Bandung,Aksesoris,Headset Bluetooth,950000,1,1169000,Tunai,Perempuan,44,5,Ya,480000
TRX01217,2026-02-15,Bandung,Aksesoris,Mouse Wireless,600000,2,1200000,Debit,Laki-laki,51,5,Tidak,420000
TRX01218,2026-04-18,Surabaya,Aksesoris,Mouse Wireless,100000,5,500000,Debit,Perempuan,50,5,Tidak,530000
TRX01219,2026-04-04,Jakarta,Smartphone,OPPO Reno 12,7250000,6,43500000,Tunai,Laki-laki,48,5,Tidak,900000
TRX01220,2026-01-23,Malang,Smartphone,Xiaomi Redmi Note 14,8900000,1,8900000,Kredit,Perempuan,29,4,Tidak,460000
TRX01221,2026-05-18,Surabaya,Smartphone,Vivo V30,11600000,1,11600000,Kredit,Perempuan,52,1,Tidak,510000
TRX01222,2026-03-04,Bandung,Elektronik Rumah Tangga,Rice Cooker Digital,2350000,2,4700000,E-Wallet,Laki-laki,51,3,Tidak,400000
TRX01223,2026-01-06,Jakarta,Smartphone,Xiaomi Redmi Note 14,4900000,4,19600000,Debit,Laki-laki,52,3,Tidak,850000
TRX01224,2026-03-11,Malang,Aksesoris,Keyboard Mechanical,350000,3,1050000,Debit,Perempuan,19,4,Tidak,360000
TRX01225,2026-02-19,Bandung,Elektronik Rumah Tangga,Rice Cooker Digital,5700000,1,5700000,E-Wallet,Perempuan,51,4,Tidak,390000
TRX01226,2026-01-08,Malang,Smartphone,Samsung Galaxy A15,8750000,3,26250000,Debit,Laki-laki,52,4,Tidak,480000
TRX01227,2026-03-07,Surabaya,Laptop,ASUS Vivobook 14,12750000,5,63750000,Kredit,Laki-laki,28,4,Tidak,610000
TRX01228,2026-05-19,Surabaya,Elektronik Rumah Tangga,Kipas Angin,6250000,3,18750000,Tunai,Perempuan,58,4,Tidak,740000
TRX01229,2026-04-21,Surabaya,Aksesoris,Headset Bluetooth,1000000,2,2125000,Debit,Perempuan,55,4,Ya,440000
TRX01230,2026-04-25,Surabaya,Smartphone,Samsung Galaxy A15,11200000,4,54929000,Kredit,Perempuan,32,4,Ya,710000
TRX01231,2026-04-11,Bandung,Elektronik Rumah Tangga,Air Fryer,6600000,4,26400000,Debit,Laki-laki,40,5,Tidak,340000
TRX01232,2026-04-29,Bandung,Smartphone,OPPO Reno 12,5150000,2,10300000,Kredit,Perempuan,47,3,Tidak,380000
TRX01233,2026-01-24,Jakarta,Smartphone,OPPO Reno 12,9100000,1,9100000,Kredit,Perempuan,31,5,Tidak,980000
TRX01234,2026-04-28,Surabaya,Smartphone,Xiaomi Redmi Note 14,4300000,2,8600000,E-Wallet,Laki-laki,26,4,Tidak,530000
TRX01235,2026-06-22,Jakarta,Laptop,HP 14,8750000,4,35000000,Kredit,Perempuan,45,4,Tidak,900000
TRX01236,2026-06-03,Jakarta,Smartphone,OPPO Reno 12,3100000,3,9300000,Debit,Laki-laki,39,5,Tidak,800000
TRX01237,2026-05-13,Surabaya,Smartphone,Samsung Galaxy A15,7900000,1,7900000,Debit,Perempuan,27,4,Tidak,350000
TRX01238,2026-01-13,Jakarta,Aksesoris,Mouse Wireless,1050000,1,1146000,E-Wallet,Laki-laki,59,4,Ya,900000
TRX01239,2026-06-16,Malang,Aksesoris,Headset Bluetooth,1000000,3,3000000,E-Wallet,Laki-laki,42,4,Tidak,430000
TRX01240,2026-05-04,Malang,Laptop,HP 14,11700000,3,41661000,Tunai,Perempuan,58,2,Ya,510000
TRX01241,2026-01-25,Bandung,Elektronik Rumah Tangga,"Smart TV 43""",7050000,5,37046000,Tunai,Laki-laki,56,5,Ya,500000
TRX01242,2026-05-04,Jakarta,Elektronik Rumah Tangga,Rice Cooker Digital,6600000,1,6600000,Tunai,Perempuan,31,2,Tidak,940000
TRX01243,2026-05-15,Bandung,Smartphone,OPPO Reno 12,3650000,2,7300000,Kredit,Laki-laki,57,4,Tidak,360000
TRX01244,2026-04-16,Jakarta,Smartphone,Vivo V30,7950000,4,39274000,Tunai,Laki-laki,20,4,Ya,790000
TRX01245,2026-01-28,Malang,Elektronik Rumah Tangga,Air Fryer,6000000,2,12000000,Debit,Laki-laki,28,2,Tidak,420000
TRX01246,2026-04-25,Jakarta,Elektronik Rumah Tangga,Rice Cooker Digital,400000,1,400000,E-Wallet,Perempuan,44,4,Tidak,980000
TRX01247,2026-05-22,Jakarta,Elektronik Rumah Tangga,Rice Cooker Digital,2450000,1,2450000,Debit,Perempuan,36,5,Tidak,580000
TRX01248,2026-05-12,Jakarta,Elektronik Rumah Tangga,Air Fryer,5300000,4,25958000,Tunai,Perempuan,58,4,Ya,790000
TRX01249,2026-01-18,Surabaya,Aksesoris,Headset Bluetooth,1000000,1,1000000,Kredit,Laki-laki,42,5,Tidak,570000
TRX01250,2026-05-09,Surabaya,Aksesoris,Keyboard Mechanical,50000,1,50000,Debit,Laki-laki,49,5,Tidak,520000
TRX01251,2026-02-07,Malang,Smartphone,Xiaomi Redmi Note 14,7000000,1,7000000,Debit,Laki-laki,35,3,Tidak,500000
TRX01252,2026-02-24,Surabaya,Aksesoris,Headset Bluetooth,900000,4,3600000,Debit,Perempuan,32,2,Tidak,750000
TRX01253,2026-05-07,Jakarta,Smartphone,Samsung Galaxy A15,6850000,2,13700000,Kredit,Perempuan,38,4,Tidak,1070000
TRX01254,2026-05-01,Malang,Laptop,ASUS Vivobook 14,16350000,2,32700000,E-Wallet,Perempuan,19,1,Tidak,480000
TRX01255,2026-04-21,Malang,Aksesoris,Mouse Wireless,550000,2,1100000,Tunai,Perempuan,53,4,Tidak,410000
TRX01256,2026-02-05,Bandung,Laptop,HP 14,10100000,3,35530000,Debit,Perempuan,40,5,Ya,400000
TRX01257,2026-01-07,Jakarta,Smartphone,Vivo V30,2550000,2,5452000,E-Wallet,Perempuan,38,5,Ya,810000
TRX01258,2026-03-09,Malang,Aksesoris,Headset Bluetooth,500000,2,1000000,E-Wallet,Perempuan,38,3,Tidak,590000
TRX01259,2026-05-09,Malang,Elektronik Rumah Tangga,Kipas Angin,3300000,3,12198000,Tunai,Perempuan,21,2,Ya,330000
TRX01260,2026-01-22,Jakarta,Smartphone,Xiaomi Redmi Note 14,4050000,1,4277000,Kredit,Perempuan,50,2,Ya,680000
TRX01261,2026-01-18,Bandung,Smartphone,Vivo V30,3450000,1,3450000,Tunai,Perempuan,37,5,Tidak,350000
TRX01262,2026-06-21,Surabaya,Smartphone,Xiaomi Redmi Note 14,6500000,6,39000000,Tunai,Laki-laki,30,5,Tidak,520000
TRX01263,2026-02-15,Surabaya,Laptop,ASUS Vivobook 14,8650000,5,43250000,Debit,Perempuan,48,5,Tidak,620000
TRX01264,2026-03-28,Jakarta,Elektronik Rumah Tangga,Air Fryer,7100000,5,39845000,E-Wallet,Laki-laki,26,5,Ya,1000000
TRX01265,2026-01-04,Jakarta,Elektronik Rumah Tangga,Rice Cooker Digital,3500000,3,10500000,Tunai,Laki-laki,34,4,Tidak,700000
TRX01266,2026-06-24,Malang,Aksesoris,Mouse Wireless,1000000,1,1220000,E-Wallet,Perempuan,38,3,Ya,480000
TRX01267,2026-03-07,Surabaya,Smartphone,Samsung Galaxy A15,6000000,2,14218000,Tunai,Perempuan,37,5,Ya,540000
TRX01268,2026-03-21,Bandung,Smartphone,Samsung Galaxy A15,4400000,1,5176000,E-Wallet,Laki-laki,31,4,Ya,500000
TRX01269,2026-06-27,Bandung,Laptop,ASUS Vivobook 14,15750000,1,15750000,Tunai,Laki-laki,33,4,Tidak,430000
TRX01270,2026-02-02,Bandung,Elektronik Rumah Tangga,Kipas Angin,6000000,2,12000000,Tunai,Perempuan,25,4,Tidak,370000
TRX01271,2026-05-15,Jakarta,Aksesoris,Headset Bluetooth,150000,5,750000,Kredit,Perempuan,59,1,Tidak,830000
TRX01272,2026-06-20,Malang,Elektronik Rumah Tangga,"Smart TV 43""",4650000,2,9300000,Tunai,Perempuan,41,3,Tidak,410000
TRX01273,2026-01-08,Jakarta,Laptop,Acer Aspire 5,14550000,6,87300000,Tunai,Perempuan,39,3,Tidak,1040000
TRX01274,2026-01-24,Malang,Laptop,Lenovo IdeaPad Slim 3,17400000,2,34800000,Debit,Perempuan,39,3,Tidak,500000
TRX01275,2026-05-12,Surabaya,Aksesoris,Keyboard Mechanical,1100000,2,2477000,Debit,Perempuan,36,3,Ya,560000
TRX01276,2026-04-30,Bandung,Laptop,HP 14,16700000,1,18189000,Tunai,Laki-laki,32,4,Ya,460000
TRX01277,2026-02-07,Surabaya,Laptop,HP 14,9700000,2,19400000,Kredit,Perempuan,45,4,Tidak,650000
TRX01278,2026-04-11,Surabaya,Aksesoris,Headset Bluetooth,650000,2,1300000,E-Wallet,Perempuan,36,4,Tidak,550000
TRX01279,2026-06-02,Bandung,Aksesoris,Keyboard Mechanical,250000,3,750000,Debit,Perempuan,45,5,Tidak,480000
TRX01280,2026-01-08,Bandung,Elektronik Rumah Tangga,Kipas Angin,1950000,2,3900000,E-Wallet,Laki-laki,56,3,Tidak,450000
TRX01281,2026-03-13,Surabaya,Smartphone,Vivo V30,2600000,1,2875000,E-Wallet,Laki-laki,19,2,Ya,690000
TRX01282,2026-03-18,Malang,Laptop,Acer Aspire 5,11100000,1,12738000,Debit,Perempuan,57,4,Ya,460000
TRX01283,2026-02-19,Bandung,Smartphone,Vivo V30,9300000,1,9300000,Kredit,Perempuan,36,5,Tidak,370000
TRX01284,2026-03-13,Surabaya,Smartphone,Vivo V30,3500000,5,19010000,Debit,Perempuan,33,4,Ya,570000
TRX01285,2026-04-25,Malang,Aksesoris,Headset Bluetooth,550000,2,1100000,Tunai,Perempuan,30,5,Tidak,450000
TRX01286,2026-04-16,Surabaya,Laptop,Lenovo IdeaPad Slim 3,7850000,3,26809000,E-Wallet,Laki-laki,53,5,Ya,670000
TRX01287,2026-01-01,Malang,Laptop,ASUS Vivobook 14,10750000,2,21500000,Debit,Laki-laki,54,5,Tidak,460000
TRX01288,2026-04-18,Surabaya,Aksesoris,Mouse Wireless,900000,2,1800000,Kredit,Laki-laki,53,4,Tidak,500000
TRX01289,2026-02-03,Bandung,Smartphone,Vivo V30,10750000,3,32250000,Tunai,Laki-laki,38,5,Tidak,410000
TRX01290,2026-01-13,Malang,Elektronik Rumah Tangga,Air Fryer,3500000,3,10500000,Kredit,Laki-laki,58,3,Tidak,470000
TRX01291,2026-05-09,Bandung,Smartphone,Vivo V30,2450000,1,2450000,E-Wallet,Laki-laki,55,3,Tidak,370000
TRX01292,2026-03-21,Malang,Aksesoris,Headset Bluetooth,1050000,1,1272000,E-Wallet,Perempuan,43,4,Ya,400000
TRX01293,2026-06-02,Jakarta,Smartphone,Samsung Galaxy A15,11700000,6,75592000,Debit,Perempuan,41,5,Ya,880000
TRX01294,2026-01-16,Jakarta,Elektronik Rumah Tangga,Kipas Angin,4150000,2,9723000,Debit,Laki-laki,42,5,Ya,1160000
TRX01295,2026-05-03,Jakarta,Smartphone,Vivo V30,2700000,1,2700000,Tunai,Laki-laki,37,2,Tidak,1010000
TRX01296,2026-03-09,Malang,Laptop,HP 14,14850000,1,14850000,E-Wallet,Perempuan,23,4,Tidak,620000
TRX01297,2026-06-20,Malang,Laptop,Lenovo IdeaPad Slim 3,13550000,2,27100000,Kredit,Perempuan,46,4,Tidak,410000
TRX01298,2026-05-30,Malang,Aksesoris,Keyboard Mechanical,850000,1,991000,Debit,Perempuan,31,2,Ya,430000
TRX01299,2026-04-07,Surabaya,Elektronik Rumah Tangga,Air Fryer,5450000,1,5450000,Kredit,Laki-laki,48,2,Tidak,620000
TRX01300,2026-04-12,Malang,Laptop,Lenovo IdeaPad Slim 3,10850000,5,59397000,Debit,Laki-laki,29,2,Ya,300000
TRX01301,2026-04-17,Bandung,Laptop,Acer Aspire 5,12600000,3,37800000,Tunai,Laki-laki,19,5,Tidak,490000
TRX01302,2026-01-02,Malang,Elektronik Rumah Tangga,Rice Cooker Digital,7500000,4,35269000,Kredit,Perempuan,57,5,Ya,410000
TRX01303,2026-01-12,Malang,Aksesoris,Mouse Wireless,550000,1,550000,Debit,Perempuan,48,5,Tidak,400000
TRX01304,2026-06-05,Bandung,Smartphone,Xiaomi Redmi Note 14,10300000,2,20600000,Kredit,Perempuan,60,3,Tidak,370000
TRX01305,2026-06-04,Malang,Smartphone,Vivo V30,7000000,1,7000000,Kredit,Laki-laki,49,2,Tidak,410000
TRX01306,2026-04-08,Jakarta,Smartphone,OPPO Reno 12,2250000,1,2250000,E-Wallet,Perempuan,18,4,Tidak,700000
TRX01307,2026-02-03,Malang,Laptop,Lenovo IdeaPad Slim 3,8500000,2,20137000,Debit,Perempuan,32,3,Ya,390000
TRX01308,2026-03-08,Bandung,Aksesoris,Headset Bluetooth,750000,4,3205000,E-Wallet,Laki-laki,38,5,Ya,380000
TRX01309,2026-05-04,Surabaya,Aksesoris,Keyboard Mechanical,50000,3,150000,Kredit,Laki-laki,22,3,Tidak,430000
TRX01310,2026-01-07,Surabaya,Smartphone,Vivo V30,10100000,4,48228000,E-Wallet,Perempuan,32,5,Ya,460000
TRX01311,2026-05-18,Jakarta,Smartphone,Samsung Galaxy A15,3100000,1,3100000,Debit,Perempuan,24,3,Tidak,880000
TRX01312,2026-03-05,Bandung,Smartphone,Samsung Galaxy A15,8250000,2,19831000,Kredit,Perempuan,45,5,Ya,370000
TRX01313,2026-04-03,Jakarta,Laptop,Acer Aspire 5,10650000,1,10650000,Kredit,Laki-laki,46,5,Tidak,950000
TRX01314,2026-06-29,Malang,Laptop,ASUS Vivobook 14,12450000,2,24900000,Tunai,Laki-laki,54,4,Tidak,420000
TRX01315,2026-04-08,Jakarta,Elektronik Rumah Tangga,Rice Cooker Digital,2900000,2,5800000,Tunai,Perempuan,49,2,Tidak,870000
TRX01316,2026-06-02,Bandung,Laptop,HP 14,14550000,2,29100000,Tunai,Laki-laki,29,4,Tidak,420000
TRX01317,2026-05-12,Surabaya,Aksesoris,Headset Bluetooth,150000,1,150000,E-Wallet,Laki-laki,37,4,Tidak,660000
TRX01318,2026-04-14,Jakarta,Smartphone,Xiaomi Redmi Note 14,8650000,3,25950000,Debit,Laki-laki,45,3,Tidak,900000
TRX01319,2026-02-25,Surabaya,Smartphone,OPPO Reno 12,10200000,1,10757000,Debit,Laki-laki,57,4,Ya,640000
TRX01320,2026-02-03,Surabaya,Aksesoris,Power Bank,900000,1,1042000,Debit,Perempuan,20,4,Ya,760000
TRX01321,2026-04-01,Jakarta,Elektronik Rumah Tangga,Rice Cooker Digital,1300000,2,2600000,E-Wallet,Perempuan,52,4,Tidak,780000
TRX01322,2026-03-23,Jakarta,Smartphone,Samsung Galaxy A15,8450000,4,36028000,Tunai,Laki-laki,40,5,Ya,890000
TRX01323,2026-02-12,Surabaya,Smartphone,Vivo V30,6600000,1,6600000,Tunai,Laki-laki,41,3,Tidak,580000
TRX01324,2026-02-04,Jakarta,Aksesoris,Keyboard Mechanical,350000,1,374000,Kredit,Perempuan,23,4,Ya,780000
TRX01325,2026-04-11,Jakarta,Laptop,HP 14,10400000,1,11443000,E-Wallet,Perempuan,39,4,Ya,980000
TRX01326,2026-04-09,Surabaya,Smartphone,Xiaomi Redmi Note 14,10650000,2,21300000,Tunai,Laki-laki,43,3,Tidak,680000
TRX01327,2026-03-03,Malang,Smartphone,OPPO Reno 12,3500000,2,7784000,Debit,Perempuan,48,4,Ya,580000
TRX01328,2026-05-14,Malang,Smartphone,Vivo V30,9500000,1,9500000,Debit,Laki-laki,19,5,Tidak,450000
TRX01329,2026-06-27,Jakarta,Smartphone,Vivo V30,10550000,2,21100000,Debit,Laki-laki,29,4,Tidak,930000
TRX01330,2026-06-19,Malang,Smartphone,Xiaomi Redmi Note 14,8850000,3,32268000,Debit,Laki-laki,22,4,Ya,330000
TRX01331,2026-06-07,Malang,Laptop,ASUS Vivobook 14,11050000,3,33150000,Kredit,Laki-laki,60,4,Tidak,340000
TRX01332,2026-04-14,Bandung,Elektronik Rumah Tangga,Rice Cooker Digital,4950000,1,4950000,E-Wallet,Perempuan,59,5,Tidak,490000
TRX01333,2026-03-28,Bandung,Smartphone,Xiaomi Redmi Note 14,5200000,1,5200000,E-Wallet,Perempuan,44,4,Tidak,370000
TRX01334,2026-02-19,Malang,Aksesoris,Mouse Wireless,50000,1,50000,E-Wallet,Laki-laki,41,4,Tidak,480000
TRX01335,2026-06-29,Surabaya,Aksesoris,Power Bank,800000,2,1600000,E-Wallet,Perempuan,19,3,Tidak,470000
TRX01336,2026-01-12,Bandung,Laptop,HP 14,7400000,3,25475000,Tunai,Perempuan,33,2,Ya,430000
TRX01337,2026-05-09,Jakarta,Smartphone,Samsung Galaxy A15,4000000,5,20000000,Debit,Laki-laki,21,5,Tidak,880000
TRX01338,2026-04-23,Bandung,Smartphone,OPPO Reno 12,2800000,3,8400000,Debit,Perempuan,55,4,Tidak,480000
TRX01339,2026-01-16,Jakarta,Laptop,HP 14,14050000,4,56200000,Kredit,Laki-laki,32,4,Tidak,780000
TRX01340,2026-02-19,Jakarta,Smartphone,Xiaomi Redmi Note 14,9200000,1,9806000,Kredit,Perempuan,35,1,Ya,660000
TRX01341,2026-03-19,Jakarta,Aksesoris,Power Bank,100000,2,237000,Debit,Laki-laki,42,5,Ya,990000
TRX01342,2026-03-25,Bandung,Smartphone,Samsung Galaxy A15,8300000,1,8300000,Kredit,Laki-laki,51,4,Tidak,500000
TRX01343,2026-04-22,Surabaya,Aksesoris,Power Bank,800000,1,800000,E-Wallet,Perempuan,25,5,Tidak,620000
TRX01344,2026-01-04,Malang,Smartphone,OPPO Reno 12,1950000,1,1950000,E-Wallet,Laki-laki,54,4,Tidak,390000
TRX01345,2026-01-02,Surabaya,Elektronik Rumah Tangga,Kipas Angin,3700000,3,11100000,E-Wallet,Laki-laki,23,2,Tidak,650000
TRX01346,2026-05-28,Malang,Elektronik Rumah Tangga,Air Fryer,4750000,4,19000000,Tunai,Laki-laki,20,4,Tidak,490000
TRX01347,2026-03-31,Jakarta,Aksesoris,Headset Bluetooth,1050000,1,1050000,E-Wallet,Laki-laki,46,4,Tidak,910000
TRX01348,2026-01-25,Jakarta,Aksesoris,Mouse Wireless,550000,2,1194000,Debit,Perempuan,26,5,Ya,1010000
TRX01349,2026-05-03,Surabaya,Aksesoris,Headset Bluetooth,900000,2,1800000,Kredit,Perempuan,39,2,Tidak,430000
TRX01350,2026-01-28,Bandung,Elektronik Rumah Tangga,Kipas Angin,5650000,6,37051000,Kredit,Laki-laki,37,5,Ya,350000
TRX01351,2026-03-16,Malang,Smartphone,Samsung Galaxy A15,10900000,1,13259000,E-Wallet,Laki-laki,33,4,Ya,430000
TRX01352,2026-04-29,Bandung,Smartphone,Xiaomi Redmi Note 14,2150000,2,4300000,Debit,Perempuan,25,5,Tidak,380000
TRX01353,2026-05-31,Malang,Laptop,HP 14,16550000,2,33100000,Tunai,Perempuan,41,3,Tidak,380000
TRX01354,2026-03-14,Jakarta,Smartphone,OPPO Reno 12,11650000,2,23300000,Kredit,Laki-laki,37,4,Tidak,730000
TRX01355,2026-06-24,Malang,Laptop,HP 14,12500000,4,50000000,E-Wallet,Laki-laki,30,3,Tidak,390000
TRX01356,2026-06-18,Surabaya,Elektronik Rumah Tangga,Rice Cooker Digital,2200000,1,2612000,E-Wallet,Perempuan,36,3,Ya,580000
TRX01357,2026-03-21,Jakarta,Laptop,ASUS Vivobook 14,7400000,1,8193000,Debit,Laki-laki,52,5,Ya,1080000
TRX01358,2026-06-02,Surabaya,Smartphone,OPPO Reno 12,5150000,4,20600000,Debit,Perempuan,41,4,Tidak,450000
TRX01359,2026-04-26,Jakarta,Aksesoris,Keyboard Mechanical,700000,4,3374000,Kredit,Laki-laki,54,5,Ya,890000
TRX01360,2026-02-05,Malang,Laptop,HP 14,15250000,1,15250000,Debit,Laki-laki,59,1,Tidak,450000
TRX01361,2026-04-19,Surabaya,Aksesoris,Keyboard Mechanical,1100000,1,1100000,E-Wallet,Laki-laki,51,3,Tidak,610000
TRX01362,2026-05-04,Surabaya,Aksesoris,Power Bank,1150000,2,2300000,Debit,Laki-laki,59,5,Tidak,640000
TRX01363,2026-04-09,Malang,Aksesoris,Mouse Wireless,200000,2,400000,E-Wallet,Perempuan,27,4,Tidak,560000
TRX01364,2026-04-07,Jakarta,Aksesoris,Power Bank,100000,5,500000,Debit,Laki-laki,27,4,Tidak,860000
TRX01365,2026-06-21,Jakarta,Elektronik Rumah Tangga,Air Fryer,6500000,3,19500000,E-Wallet,Perempuan,33,5,Tidak,1020000
TRX01366,2026-01-02,Jakarta,Smartphone,OPPO Reno 12,3850000,2,7700000,E-Wallet,Perempuan,33,4,Tidak,1000000
TRX01367,2026-02-24,Surabaya,Elektronik Rumah Tangga,Kipas Angin,4900000,2,9800000,E-Wallet,Perempuan,28,4,Tidak,680000
TRX01368,2026-02-20,Jakarta,Elektronik Rumah Tangga,Kipas Angin,2800000,1,2800000,Kredit,Laki-laki,41,4,Tidak,930000
TRX01369,2026-02-11,Malang,Smartphone,Samsung Galaxy A15,8150000,2,16300000,Tunai,Perempuan,27,1,Tidak,510000
TRX01370,2026-01-04,Malang,Smartphone,Vivo V30,2950000,4,12530000,Debit,Laki-laki,38,4,Ya,470000
TRX01371,2026-02-11,Bandung,Smartphone,OPPO Reno 12,11900000,3,35700000,E-Wallet,Laki-laki,24,3,Tidak,380000
TRX01372,2026-06-03,Jakarta,Aksesoris,Mouse Wireless,800000,1,893000,Kredit,Laki-laki,41,5,Ya,1030000
TRX01373,2026-05-15,Jakarta,Smartphone,Vivo V30,4000000,1,4000000,Tunai,Perempuan,36,5,Tidak,980000
TRX01374,2026-01-15,Bandung,Elektronik Rumah Tangga,"Smart TV 43""",1200000,1,1200000,E-Wallet,Laki-laki,44,3,Tidak,330000
TRX01375,2026-05-03,Jakarta,Elektronik Rumah Tangga,"Smart TV 43""",4250000,1,4250000,Tunai,Perempuan,58,3,Tidak,920000
TRX01376,2026-01-08,Jakarta,Aksesoris,Headset Bluetooth,1000000,5,5000000,Kredit,Perempuan,34,4,Tidak,840000
TRX01377,2026-03-05,Surabaya,Smartphone,OPPO Reno 12,4850000,6,34601000,Tunai,Laki-laki,32,3,Ya,580000
TRX01378,2026-01-22,Surabaya,Elektronik Rumah Tangga,Kipas Angin,1900000,4,7600000,Tunai,Laki-laki,31,4,Tidak,660000
TRX01379,2026-04-12,Jakarta,Smartphone,Xiaomi Redmi Note 14,11850000,3,35550000,Kredit,Laki-laki,30,3,Tidak,610000
TRX01380,2026-05-02,Surabaya,Aksesoris,Headset Bluetooth,200000,1,200000,E-Wallet,Laki-laki,40,4,Tidak,490000
TRX01381,2026-04-21,Malang,Laptop,HP 14,16350000,5,97250000,Tunai,Perempuan,37,4,Ya,270000
TRX01382,2026-03-05,Malang,Laptop,ASUS Vivobook 14,9350000,5,51209000,Debit,Perempuan,20,3,Ya,440000
TRX01383,2026-05-18,Jakarta,Laptop,ASUS Vivobook 14,15300000,3,45900000,Kredit,Perempuan,53,5,Tidak,880000
TRX01384,2026-01-07,Bandung,Elektronik Rumah Tangga,"Smart TV 43""",5600000,3,18962000,Debit,Laki-laki,48,2,Ya,270000
TRX01385,2026-06-06,Malang,Smartphone,Xiaomi Redmi Note 14,3950000,2,8544000,E-Wallet,Laki-laki,19,3,Ya,600000
TRX01386,2026-03-23,Bandung,Aksesoris,Mouse Wireless,200000,1,230000,Debit,Perempuan,31,3,Ya,360000
TRX01387,2026-04-11,Bandung,Laptop,Lenovo IdeaPad Slim 3,12950000,2,25900000,E-Wallet,Laki-laki,60,5,Tidak,370000
TRX01388,2026-04-11,Jakarta,Smartphone,Samsung Galaxy A15,9300000,1,9801000,E-Wallet,Laki-laki,51,5,Ya,1070000
TRX01389,2026-06-10,Bandung,Aksesoris,Headset Bluetooth,350000,2,797000,Debit,Perempuan,33,5,Ya,310000
TRX01390,2026-03-11,Surabaya,Laptop,ASUS Vivobook 14,8350000,2,16700000,Debit,Perempuan,42,5,Tidak,770000
TRX01391,2026-06-26,Jakarta,Smartphone,Vivo V30,7650000,2,16142000,E-Wallet,Laki-laki,26,4,Ya,990000
TRX01392,2026-04-29,Jakarta,Laptop,Lenovo IdeaPad Slim 3,15800000,1,19217000,E-Wallet,Laki-laki,35,5,Ya,1060000
TRX01393,2026-01-06,Malang,Smartphone,Samsung Galaxy A15,8800000,3,26400000,Tunai,Laki-laki,20,4,Tidak,400000
TRX01394,2026-01-02,Jakarta,Aksesoris,Keyboard Mechanical,1000000,2,2000000,Tunai,Laki-laki,57,3,Tidak,960000
TRX01395,2026-01-23,Malang,Smartphone,Vivo V30,9500000,6,67427000,Kredit,Perempuan,20,4,Ya,520000
TRX01396,2026-01-17,Surabaya,Laptop,Acer Aspire 5,13650000,1,13650000,Kredit,Perempuan,27,3,Tidak,520000
TRX01397,2026-02-11,Bandung,Elektronik Rumah Tangga,Air Fryer,2500000,3,7500000,E-Wallet,Perempuan,35,4,Tidak,380000
TRX01398,2026-06-29,Jakarta,Smartphone,OPPO Reno 12,6900000,4,32937000,Debit,Perempuan,54,4,Ya,910000
TRX01399,2026-03-14,Surabaya,Aksesoris,Mouse Wireless,500000,2,1000000,Kredit,Laki-laki,26,2,Tidak,470000
TRX01400,2026-02-19,Surabaya,Smartphone,OPPO Reno 12,5750000,6,42693000,E-Wallet,Perempuan,40,5,Ya,550000
TRX01401,2026-01-08,Malang,Elektronik Rumah Tangga,"Smart TV 43""",1150000,6,6900000,Debit,Laki-laki,58,4,Tidak,490000
TRX01402,2026-05-18,Jakarta,Elektronik Rumah Tangga,"Smart TV 43""",4100000,1,4100000,Kredit,Laki-laki,44,5,Tidak,1190000
TRX01403,2026-06-15,Surabaya,Aksesoris,Keyboard Mechanical,1200000,3,4199000,Tunai,Laki-laki,47,4,Ya,660000
TRX01404,2026-03-11,Malang,Elektronik Rumah Tangga,Air Fryer,2050000,1,2482000,E-Wallet,Perempuan,43,5,Ya,480000
TRX01405,2026-04-08,Bandung,Laptop,HP 14,8050000,4,32200000,Tunai,Laki-laki,28,4,Tidak,470000
TRX01406,2026-02-18,Jakarta,Elektronik Rumah Tangga,Rice Cooker Digital,7250000,1,7250000,E-Wallet,Perempuan,37,4,Tidak,660000
TRX01407,2026-01-07,Malang,Smartphone,Vivo V30,4500000,1,5283000,Tunai,Laki-laki,42,4,Ya,480000
TRX01408,2026-06-18,Jakarta,Smartphone,Vivo V30,3000000,3,10234000,Debit,Laki-laki,50,2,Ya,820000
TRX01409,2026-01-14,Jakarta,Elektronik Rumah Tangga,Kipas Angin,2450000,2,4900000,E-Wallet,Perempuan,51,4,Tidak,790000
TRX01410,2026-02-12,Surabaya,Elektronik Rumah Tangga,"Smart TV 43""",7150000,2,17498000,Kredit,Perempuan,23,4,Ya,570000
TRX01411,2026-04-10,Bandung,Elektronik Rumah Tangga,Kipas Angin,1200000,2,2609000,Kredit,Laki-laki,33,2,Ya,340000
TRX01412,2026-06-27,Bandung,Smartphone,Samsung Galaxy A15,2550000,1,2550000,Tunai,Perempuan,22,4,Tidak,400000
TRX01413,2026-01-25,Jakarta,Elektronik Rumah Tangga,Air Fryer,3700000,2,7400000,Debit,Perempuan,50,2,Tidak,880000
TRX01414,2026-04-19,Malang,Elektronik Rumah Tangga,Kipas Angin,6850000,2,17037000,Tunai,Laki-laki,22,4,Ya,450000
TRX01415,2026-04-23,Malang,Aksesoris,Mouse Wireless,550000,1,550000,Kredit,Laki-laki,33,3,Tidak,460000
TRX01416,2026-03-15,Surabaya,Elektronik Rumah Tangga,Kipas Angin,2050000,6,15082000,Debit,Laki-laki,49,5,Ya,670000
TRX01417,2026-04-28,Bandung,Aksesoris,Keyboard Mechanical,100000,3,300000,Tunai,Laki-laki,50,4,Tidak,400000
TRX01418,2026-05-08,Surabaya,Laptop,HP 14,7150000,2,14300000,E-Wallet,Laki-laki,47,3,Tidak,580000
TRX01419,2026-02-20,Malang,Laptop,Lenovo IdeaPad Slim 3,12550000,3,37650000,E-Wallet,Perempuan,52,5,Tidak,470000
TRX01420,2026-01-04,Malang,Aksesoris,Power Bank,600000,2,1317000,E-Wallet,Perempuan,41,2,Ya,430000
TRX01421,2026-04-23,Jakarta,Aksesoris,Keyboard Mechanical,550000,3,1650000,E-Wallet,Laki-laki,39,4,Tidak,900000
TRX01422,2026-01-24,Jakarta,Smartphone,Xiaomi Redmi Note 14,6400000,6,38400000,E-Wallet,Laki-laki,46,3,Tidak,730000
TRX01423,2026-02-27,Jakarta,Smartphone,Xiaomi Redmi Note 14,6450000,1,6780000,E-Wallet,Laki-laki,57,4,Ya,940000
TRX01424,2026-06-11,Jakarta,Laptop,ASUS Vivobook 14,17250000,3,51750000,Tunai,Laki-laki,19,3,Tidak,1000000
TRX01425,2026-05-14,Surabaya,Laptop,HP 14,9800000,2,19600000,Tunai,Laki-laki,53,1,Tidak,560000
TRX01426,2026-01-16,Malang,Laptop,Acer Aspire 5,10250000,6,61500000,Kredit,Laki-laki,18,3,Tidak,400000
TRX01427,2026-04-14,Bandung,Aksesoris,Headset Bluetooth,300000,2,600000,Kredit,Laki-laki,25,3,Tidak,250000
TRX01428,2026-04-05,Surabaya,Elektronik Rumah Tangga,Kipas Angin,950000,1,1134000,E-Wallet,Perempuan,30,1,Ya,680000
TRX01429,2026-01-21,Surabaya,Laptop,ASUS Vivobook 14,17400000,1,17400000,Kredit,Perempuan,44,4,Tidak,610000
TRX01430,2026-04-19,Malang,Elektronik Rumah Tangga,"Smart TV 43""",4400000,1,4400000,Tunai,Perempuan,54,4,Tidak,410000
TRX01431,2026-03-29,Malang,Smartphone,Xiaomi Redmi Note 14,10850000,2,26587000,Tunai,Laki-laki,33,4,Ya,410000
TRX01432,2026-05-01,Jakarta,Aksesoris,Keyboard Mechanical,1200000,1,1200000,E-Wallet,Laki-laki,30,3,Tidak,680000
TRX01433,2026-03-13,Bandung,Elektronik Rumah Tangga,Rice Cooker Digital,4950000,5,29624000,Tunai,Laki-laki,37,4,Ya,530000
TRX01434,2026-03-05,Surabaya,Aksesoris,Mouse Wireless,1050000,4,5098000,E-Wallet,Perempuan,57,5,Ya,550000
TRX01435,2026-01-21,Bandung,Smartphone,Vivo V30,4500000,1,4500000,E-Wallet,Laki-laki,27,2,Tidak,570000
TRX01436,2026-05-12,Surabaya,Laptop,Acer Aspire 5,10100000,2,20200000,Tunai,Perempuan,48,4,Tidak,680000
TRX01437,2026-05-25,Jakarta,Smartphone,Vivo V30,8150000,2,16300000,Debit,Laki-laki,34,3,Tidak,800000
TRX01438,2026-03-09,Surabaya,Smartphone,Xiaomi Redmi Note 14,10950000,3,32850000,Tunai,Perempuan,46,5,Tidak,630000
TRX01439,2026-04-20,Surabaya,Elektronik Rumah Tangga,Kipas Angin,4150000,2,9116000,Debit,Laki-laki,45,3,Ya,420000
TRX01440,2026-05-01,Jakarta,Aksesoris,Headset Bluetooth,700000,2,1400000,E-Wallet,Laki-laki,19,4,Tidak,1000000
TRX01441,2026-02-07,Bandung,Aksesoris,Mouse Wireless,950000,5,4750000,Debit,Laki-laki,57,4,Tidak,280000
TRX01442,2026-04-16,Surabaya,Aksesoris,Keyboard Mechanical,150000,2,334000,Debit,Perempuan,18,5,Ya,690000
TRX01443,2026-06-11,Malang,Elektronik Rumah Tangga,Air Fryer,4700000,4,18800000,Debit,Laki-laki,51,2,Tidak,460000
TRX01444,2026-02-25,Jakarta,Laptop,HP 14,17600000,4,75302000,Debit,Perempuan,33,4,Ya,730000
TRX01445,2026-02-01,Surabaya,Smartphone,OPPO Reno 12,3900000,2,7800000,Debit,Laki-laki,35,3,Tidak,640000
TRX01446,2026-01-01,Surabaya,Laptop,Lenovo IdeaPad Slim 3,16200000,3,58167000,E-Wallet,Laki-laki,51,2,Ya,570000
TRX01447,2026-01-12,Jakarta,Smartphone,Samsung Galaxy A15,4100000,3,12300000,E-Wallet,Perempuan,23,4,Tidak,900000
TRX01448,2026-03-17,Bandung,Aksesoris,Headset Bluetooth,700000,5,3849000,Tunai,Perempuan,23,5,Ya,440000
TRX01449,2026-02-13,Malang,Smartphone,OPPO Reno 12,8750000,3,26250000,Tunai,Laki-laki,32,4,Tidak,410000
TRX01450,2026-04-13,Malang,Laptop,HP 14,16000000,1,17600000,Kredit,Laki-laki,36,3,Ya,480000
TRX01451,2026-06-03,Bandung,Laptop,ASUS Vivobook 14,13800000,2,27600000,E-Wallet,Perempuan,35,5,Tidak,430000
TRX01452,2026-03-21,Malang,Smartphone,Xiaomi Redmi Note 14,4450000,1,4897000,Kredit,Laki-laki,40,4,Ya,480000
TRX01453,2026-03-02,Bandung,Laptop,ASUS Vivobook 14,14400000,3,53932000,E-Wallet,Laki-laki,36,5,Ya,340000
TRX01454,2026-04-26,Malang,Smartphone,Xiaomi Redmi Note 14,6750000,1,7488000,Kredit,Laki-laki,24,5,Ya,530000
TRX01455,2026-06-24,Bandung,Aksesoris,Mouse Wireless,900000,1,974000,E-Wallet,Perempuan,60,3,Ya,410000
TRX01456,2026-06-22,Surabaya,Smartphone,Samsung Galaxy A15,11650000,1,14337000,E-Wallet,Perempuan,43,3,Ya,540000
TRX01457,2026-02-11,Malang,Smartphone,Samsung Galaxy A15,4700000,5,23500000,Kredit,Perempuan,28,3,Tidak,360000
TRX01458,2026-05-20,Bandung,Elektronik Rumah Tangga,"Smart TV 43""",4100000,1,4100000,E-Wallet,Perempuan,36,4,Tidak,390000
TRX01459,2026-05-07,Malang,Laptop,ASUS Vivobook 14,7050000,2,14100000,E-Wallet,Perempuan,55,1,Tidak,410000
TRX01460,2026-06-27,Surabaya,Smartphone,Samsung Galaxy A15,1800000,2,3600000,Kredit,Perempuan,55,3,Tidak,760000
TRX01461,2026-04-27,Malang,Elektronik Rumah Tangga,Rice Cooker Digital,5250000,4,21000000,E-Wallet,Laki-laki,30,1,Tidak,330000
TRX01462,2026-06-08,Surabaya,Smartphone,Samsung Galaxy A15,9650000,1,9650000,E-Wallet,Laki-laki,21,5,Tidak,610000
TRX01463,2026-01-03,Jakarta,Laptop,Acer Aspire 5,8900000,1,10911000,Debit,Perempuan,20,5,Ya,1080000
TRX01464,2026-01-15,Jakarta,Smartphone,Xiaomi Redmi Note 14,6950000,1,6950000,Debit,Perempuan,34,5,Tidak,660000
TRX01465,2026-01-28,Malang,Smartphone,Samsung Galaxy A15,9450000,3,28350000,Tunai,Perempuan,20,2,Tidak,430000
TRX01466,2026-03-01,Jakarta,Smartphone,Xiaomi Redmi Note 14,3600000,2,7624000,Kredit,Laki-laki,22,5,Ya,940000
TRX01467,2026-01-29,Malang,Smartphone,Samsung Galaxy A15,11100000,1,12282000,Tunai,Laki-laki,20,4,Ya,620000
TRX01468,2026-01-05,Surabaya,Smartphone,Xiaomi Redmi Note 14,11800000,4,47200000,Debit,Perempuan,27,4,Tidak,620000
TRX01469,2026-03-09,Malang,Aksesoris,Headset Bluetooth,550000,3,1650000,Debit,Laki-laki,18,3,Tidak,420000
TRX01470,2026-05-31,Malang,Elektronik Rumah Tangga,"Smart TV 43""",1700000,1,2031000,E-Wallet,Perempuan,58,3,Ya,500000
TRX01471,2026-04-22,Surabaya,Laptop,Lenovo IdeaPad Slim 3,12850000,3,38550000,Debit,Perempuan,34,1,Tidak,580000
TRX01472,2026-01-04,Malang,Elektronik Rumah Tangga,"Smart TV 43""",7200000,1,8187000,E-Wallet,Laki-laki,22,5,Ya,520000
TRX01473,2026-02-24,Malang,Elektronik Rumah Tangga,Kipas Angin,2100000,4,8400000,Kredit,Perempuan,43,5,Tidak,500000
TRX01474,2026-01-23,Bandung,Laptop,ASUS Vivobook 14,10750000,2,21500000,E-Wallet,Perempuan,22,4,Tidak,440000
TRX01475,2026-01-02,Surabaya,Smartphone,Samsung Galaxy A15,10950000,2,21900000,E-Wallet,Laki-laki,20,3,Tidak,430000
TRX01476,2026-01-27,Malang,Smartphone,Samsung Galaxy A15,9250000,3,27750000,Debit,Perempuan,50,4,Tidak,520000
TRX01477,2026-05-05,Surabaya,Aksesoris,Mouse Wireless,150000,2,300000,Tunai,Perempuan,57,2,Tidak,450000
TRX01478,2026-03-02,Jakarta,Smartphone,OPPO Reno 12,7250000,1,8808000,Tunai,Laki-laki,54,3,Ya,930000
TRX01479,2026-01-31,Jakarta,Elektronik Rumah Tangga,"Smart TV 43""",3800000,6,25936000,Debit,Perempuan,48,5,Ya,870000
TRX01480,2026-03-18,Bandung,Laptop,Acer Aspire 5,15650000,1,16780000,E-Wallet,Perempuan,43,4,Ya,400000
TRX01481,2026-01-15,Jakarta,Smartphone,Vivo V30,5300000,1,5300000,Kredit,Laki-laki,29,2,Tidak,890000
TRX01482,2026-04-26,Bandung,Smartphone,Xiaomi Redmi Note 14,7400000,2,14800000,Kredit,Laki-laki,26,2,Tidak,330000
TRX01483,2026-04-04,Surabaya,Aksesoris,Mouse Wireless,100000,1,100000,Tunai,Perempuan,51,4,Tidak,670000
TRX01484,2026-01-18,Jakarta,Smartphone,Samsung Galaxy A15,2050000,2,4100000,E-Wallet,Laki-laki,41,5,Tidak,1020000
TRX01485,2026-05-05,Jakarta,Smartphone,Samsung Galaxy A15,10350000,2,20700000,E-Wallet,Laki-laki,58,5,Tidak,740000
TRX01486,2026-04-22,Malang,Elektronik Rumah Tangga,Rice Cooker Digital,6450000,2,12900000,Kredit,Laki-laki,60,4,Tidak,420000
TRX01487,2026-01-22,Jakarta,Aksesoris,Headset Bluetooth,100000,2,228000,Debit,Laki-laki,18,5,Ya,1000000
TRX01488,2026-04-27,Bandung,Laptop,ASUS Vivobook 14,8450000,2,16900000,Debit,Laki-laki,60,3,Tidak,420000
TRX01489,2026-04-20,Surabaya,Laptop,Acer Aspire 5,13450000,3,40350000,Kredit,Perempuan,40,4,Tidak,460000
TRX01490,2026-02-21,Malang,Laptop,HP 14,16850000,5,105043000,Kredit,Perempuan,40,4,Ya,420000
TRX01491,2026-01-22,Malang,Smartphone,Xiaomi Redmi Note 14,7950000,1,7950000,Tunai,Laki-laki,57,1,Tidak,520000
TRX01492,2026-02-21,Surabaya,Smartphone,Samsung Galaxy A15,5850000,3,17550000,Tunai,Perempuan,42,4,Tidak,580000
TRX01493,2026-01-14,Surabaya,Aksesoris,Keyboard Mechanical,200000,3,600000,Kredit,Perempuan,26,3,Tidak,720000
TRX01494,2026-05-23,Bandung,Aksesoris,Headset Bluetooth,1050000,4,5062000,Kredit,Perempuan,47,5,Ya,460000
TRX01495,2026-01-12,Jakarta,Elektronik Rumah Tangga,"Smart TV 43""",3300000,1,3813000,Debit,Laki-laki,52,4,Ya,930000
TRX01496,2026-02-12,Malang,Laptop,Lenovo IdeaPad Slim 3,17250000,6,111846000,Debit,Laki-laki,59,5,Ya,480000
TRX01497,2026-06-24,Bandung,Laptop,HP 14,11850000,2,23700000,Debit,Perempuan,54,3,Tidak,550000
TRX01498,2026-01-31,Bandung,Smartphone,Xiaomi Redmi Note 14,10400000,1,12520000,Debit,Laki-laki,51,3,Ya,400000
TRX01499,2026-01-10,Surabaya,Aksesoris,Keyboard Mechanical,1150000,4,5416000,Debit,Perempuan,42,3,Ya,600000
TRX01500,2026-03-03,Jakarta,Aksesoris,Mouse Wireless,850000,2,1700000,Tunai,Laki-laki,29,4,Tidak,700000
TRX01501,2026-04-06,Malang,Elektronik Rumah Tangga,"Smart TV 43""",3000000,1,3000000,Tunai,Laki-laki,51,4,Tidak,500000
TRX01502,2026-03-14,Bandung,Smartphone,Xiaomi Redmi Note 14,10700000,3,34551000,Tunai,Perempuan,53,5,Ya,370000
TRX01503,2026-06-11,Surabaya,Aksesoris,Power Bank,500000,1,500000,Debit,Perempuan,34,5,Tidak,500000
TRX01504,2026-06-26,Jakarta,Laptop,HP 14,7850000,1,8813000,Debit,Laki-laki,37,4,Ya,900000
TRX01505,2026-05-17,Surabaya,Smartphone,Samsung Galaxy A15,9750000,4,39000000,Debit,Laki-laki,40,4,Tidak,800000
TRX01506,2026-06-18,Jakarta,Smartphone,Vivo V30,8850000,1,8850000,Debit,Laki-laki,35,5,Tidak,1010000
TRX01507,2026-04-07,Malang,Laptop,ASUS Vivobook 14,14200000,4,69273000,E-Wallet,Laki-laki,46,3,Ya,450000
TRX01508,2026-04-12,Jakarta,Laptop,Acer Aspire 5,13750000,6,82500000,E-Wallet,Laki-laki,58,3,Tidak,1120000
TRX01509,2026-03-20,Jakarta,Aksesoris,Keyboard Mechanical,450000,1,450000,E-Wallet,Perempuan,21,4,Tidak,900000
TRX01510,2026-02-17,Surabaya,Smartphone,Xiaomi Redmi Note 14,10900000,3,32700000,Debit,Laki-laki,54,5,Tidak,610000
TRX01511,2026-06-06,Malang,Aksesoris,Keyboard Mechanical,1200000,1,1200000,Tunai,Perempuan,20,4,Tidak,470000
TRX01512,2026-05-23,Malang,Elektronik Rumah Tangga,Air Fryer,5500000,2,11000000,E-Wallet,Laki-laki,28,5,Tidak,380000
TRX01513,2026-04-17,Jakarta,Smartphone,Xiaomi Redmi Note 14,11250000,5,56250000,Debit,Laki-laki,43,4,Tidak,780000
TRX01514,2026-03-13,Bandung,Elektronik Rumah Tangga,Kipas Angin,3000000,2,6000000,Kredit,Perempuan,34,4,Tidak,360000
TRX01515,2026-02-21,Surabaya,Elektronik Rumah Tangga,"Smart TV 43""",5800000,4,23200000,Tunai,Laki-laki,46,4,Tidak,630000
TRX01516,2026-04-22,Malang,Elektronik Rumah Tangga,Air Fryer,5800000,4,25082000,Kredit,Laki-laki,53,4,Ya,440000
TRX01517,2026-01-06,Surabaya,Aksesoris,Headset Bluetooth,450000,2,900000,Debit,Laki-laki,46,4,Tidak,520000
TRX01518,2026-01-14,Bandung,Elektronik Rumah Tangga,Rice Cooker Digital,5550000,4,22200000,Kredit,Laki-laki,40,4,Tidak,480000
TRX01519,2026-02-28,Malang,Smartphone,Vivo V30,3800000,4,15200000,Tunai,Laki-laki,37,2,Tidak,420000
TRX01520,2026-04-15,Surabaya,Laptop,Lenovo IdeaPad Slim 3,11550000,1,14225000,E-Wallet,Laki-laki,19,4,Ya,550000
TRX01521,2026-05-06,Malang,Smartphone,Xiaomi Redmi Note 14,2750000,4,11000000,Tunai,Perempuan,41,2,Tidak,490000
TRX01522,2026-01-19,Surabaya,Laptop,Lenovo IdeaPad Slim 3,11950000,4,52801000,Debit,Laki-laki,41,4,Ya,570000
TRX01523,2026-03-10,Jakarta,Laptop,Acer Aspire 5,9200000,3,32318000,Tunai,Perempuan,32,3,Ya,970000
TRX01524,2026-02-28,Surabaya,Smartphone,OPPO Reno 12,11850000,3,35550000,Tunai,Laki-laki,44,3,Tidak,740000
TRX01525,2026-02-14,Surabaya,Aksesoris,Power Bank,650000,3,1950000,E-Wallet,Laki-laki,37,5,Tidak,440000
TRX01526,2026-05-03,Surabaya,Smartphone,Xiaomi Redmi Note 14,9200000,4,42248000,Kredit,Laki-laki,43,2,Ya,670000
TRX01527,2026-01-03,Jakarta,Laptop,Acer Aspire 5,8050000,1,9988000,Kredit,Perempuan,19,3,Ya,810000
TRX01528,2026-03-01,Bandung,Smartphone,OPPO Reno 12,6300000,2,15474000,Kredit,Perempuan,38,4,Ya,400000
TRX01529,2026-05-13,Jakarta,Smartphone,Xiaomi Redmi Note 14,8400000,6,50400000,Kredit,Laki-laki,55,3,Tidak,1010000
TRX01530,2026-03-09,Bandung,Laptop,Lenovo IdeaPad Slim 3,11600000,2,26678000,Tunai,Perempuan,45,5,Ya,460000
TRX01531,2026-02-19,Jakarta,Smartphone,OPPO Reno 12,10850000,1,10850000,Debit,Laki-laki,30,5,Tidak,880000
TRX01532,2026-06-19,Jakarta,Aksesoris,Power Bank,150000,4,600000,Kredit,Laki-laki,51,5,Tidak,990000
TRX01533,2026-03-07,Jakarta,Smartphone,Samsung Galaxy A15,7700000,5,41630000,Debit,Perempuan,47,1,Ya,810000
TRX01534,2026-05-23,Bandung,Aksesoris,Keyboard Mechanical,650000,6,3900000,E-Wallet,Laki-laki,34,3,Tidak,430000
TRX01535,2026-06-06,Malang,Elektronik Rumah Tangga,Kipas Angin,7050000,1,8140000,Debit,Laki-laki,29,3,Ya,480000
TRX01536,2026-05-03,Jakarta,Smartphone,Xiaomi Redmi Note 14,11050000,4,44200000,E-Wallet,Laki-laki,50,5,Tidak,860000
TRX01537,2026-03-27,Bandung,Smartphone,Samsung Galaxy A15,11150000,1,13388000,E-Wallet,Perempuan,47,5,Ya,470000
TRX01538,2026-04-08,Jakarta,Elektronik Rumah Tangga,"Smart TV 43""",4100000,1,4602000,Debit,Laki-laki,60,1,Ya,1110000
TRX01539,2026-06-04,Surabaya,Laptop,ASUS Vivobook 14,11250000,4,49598000,Tunai,Perempuan,38,4,Ya,570000
TRX01540,2026-02-13,Jakarta,Smartphone,Samsung Galaxy A15,9850000,4,39400000,Kredit,Laki-laki,38,4,Tidak,940000
TRX01541,2026-06-22,Bandung,Elektronik Rumah Tangga,Air Fryer,1250000,1,1383000,Debit,Laki-laki,60,4,Ya,390000
TRX01542,2026-04-11,Bandung,Laptop,HP 14,8650000,2,21257000,Kredit,Perempuan,21,5,Ya,420000
TRX01543,2026-06-21,Bandung,Laptop,ASUS Vivobook 14,10300000,1,10300000,Debit,Perempuan,18,5,Tidak,430000
TRX01544,2026-03-30,Jakarta,Aksesoris,Keyboard Mechanical,650000,3,1950000,Kredit,Perempuan,41,4,Tidak,780000
TRX01545,2026-04-24,Malang,Smartphone,Vivo V30,6150000,1,7033000,E-Wallet,Perempuan,41,2,Ya,380000
TRX01546,2026-05-16,Bandung,Laptop,Lenovo IdeaPad Slim 3,9300000,3,34461000,Debit,Laki-laki,38,5,Ya,320000
TRX01547,2026-04-29,Malang,Smartphone,Vivo V30,2450000,3,8288000,Kredit,Laki-laki,23,5,Ya,430000
TRX01548,2026-05-13,Malang,Smartphone,OPPO Reno 12,2250000,3,6750000,Kredit,Laki-laki,42,4,Tidak,420000
TRX01549,2026-03-20,Surabaya,Laptop,Acer Aspire 5,7750000,2,15500000,E-Wallet,Perempuan,49,4,Tidak,530000
TRX01550,2026-05-14,Jakarta,Smartphone,OPPO Reno 12,3100000,1,3100000,E-Wallet,Laki-laki,60,4,Tidak,920000
TRX01551,2026-05-03,Surabaya,Smartphone,Samsung Galaxy A15,7850000,3,23550000,Debit,Laki-laki,30,4,Tidak,830000
TRX01552,2026-02-27,Surabaya,Smartphone,Vivo V30,4700000,3,14100000,Tunai,Perempuan,58,4,Tidak,590000
TRX01553,2026-05-01,Jakarta,Smartphone,OPPO Reno 12,3700000,1,4363000,Kredit,Perempuan,38,5,Ya,980000
TRX01554,2026-01-09,Jakarta,Laptop,ASUS Vivobook 14,14400000,1,15555000,Kredit,Laki-laki,53,5,Ya,1010000
TRX01555,2026-05-19,Jakarta,Aksesoris,Mouse Wireless,850000,1,850000,Tunai,Perempuan,30,2,Tidak,850000
TRX01556,2026-06-14,Jakarta,Smartphone,Vivo V30,4250000,1,5242000,Tunai,Perempuan,39,5,Ya,880000
TRX01557,2026-04-13,Malang,Laptop,HP 14,12850000,1,12850000,E-Wallet,Perempuan,53,4,Tidak,420000
TRX01558,2026-02-19,Surabaya,Smartphone,Xiaomi Redmi Note 14,2800000,2,6246000,E-Wallet,Perempuan,56,4,Ya,550000
TRX01559,2026-04-23,Jakarta,Elektronik Rumah Tangga,Kipas Angin,5600000,5,30799000,E-Wallet,Laki-laki,18,3,Ya,790000
TRX01560,2026-02-14,Surabaya,Elektronik Rumah Tangga,Kipas Angin,4400000,3,14746000,Tunai,Perempuan,19,1,Ya,560000
TRX01561,2026-06-17,Bandung,Smartphone,Vivo V30,3400000,3,10200000,Tunai,Laki-laki,24,4,Tidak,410000
TRX01562,2026-03-15,Malang,Laptop,Lenovo IdeaPad Slim 3,13350000,1,16631000,Debit,Perempuan,43,4,Ya,520000
TRX01563,2026-04-02,Jakarta,Laptop,Lenovo IdeaPad Slim 3,11850000,1,11850000,E-Wallet,Laki-laki,57,5,Tidak,1040000
TRX01564,2026-01-07,Jakarta,Smartphone,Samsung Galaxy A15,9800000,3,29400000,Tunai,Perempuan,18,5,Tidak,970000
TRX01565,2026-01-29,Malang,Smartphone,Xiaomi Redmi Note 14,6750000,2,14541000,Tunai,Perempuan,37,3,Ya,480000
TRX01566,2026-01-10,Surabaya,Smartphone,OPPO Reno 12,3200000,3,10168000,Debit,Perempuan,40,3,Ya,570000
TRX01567,2026-06-26,Bandung,Aksesoris,Keyboard Mechanical,950000,6,6049000,E-Wallet,Laki-laki,22,5,Ya,340000
TRX01568,2026-03-21,Surabaya,Aksesoris,Mouse Wireless,750000,5,4153000,E-Wallet,Laki-laki,50,3,Ya,710000
TRX01569,2026-05-05,Surabaya,Laptop,ASUS Vivobook 14,8850000,4,35400000,E-Wallet,Perempuan,48,5,Tidak,420000
TRX01570,2026-05-12,Surabaya,Elektronik Rumah Tangga,Air Fryer,4650000,1,4650000,Kredit,Perempuan,33,1,Tidak,620000
TRX01571,2026-06-03,Bandung,Aksesoris,Mouse Wireless,950000,4,3800000,Debit,Perempuan,53,4,Tidak,470000
TRX01572,2026-02-18,Surabaya,Aksesoris,Keyboard Mechanical,1000000,4,4660000,E-Wallet,Laki-laki,56,4,Ya,780000
TRX01573,2026-03-31,Surabaya,Smartphone,Samsung Galaxy A15,2850000,1,2850000,Kredit,Laki-laki,18,4,Tidak,680000
TRX01574,2026-03-01,Jakarta,Aksesoris,Mouse Wireless,850000,1,993000,Tunai,Laki-laki,27,3,Ya,1110000
TRX01575,2026-03-01,Jakarta,Smartphone,Vivo V30,5050000,5,28662000,Kredit,Laki-laki,59,4,Ya,950000
TRX01576,2026-02-11,Surabaya,Smartphone,Vivo V30,6950000,2,13900000,Debit,Perempuan,57,3,Tidak,600000
TRX01577,2026-03-11,Surabaya,Laptop,ASUS Vivobook 14,16500000,1,16500000,Tunai,Perempuan,58,3,Tidak,550000
TRX01578,2026-06-19,Surabaya,Smartphone,Xiaomi Redmi Note 14,3800000,6,25840000,E-Wallet,Laki-laki,20,3,Ya,520000
TRX01579,2026-06-03,Bandung,Elektronik Rumah Tangga,Air Fryer,3750000,2,7500000,Debit,Perempuan,38,1,Tidak,420000
TRX01580,2026-02-27,Surabaya,Aksesoris,Keyboard Mechanical,400000,1,400000,E-Wallet,Perempuan,50,3,Tidak,560000
TRX01581,2026-04-09,Surabaya,Smartphone,Samsung Galaxy A15,2400000,1,2400000,Kredit,Laki-laki,39,4,Tidak,550000
TRX01582,2026-06-30,Surabaya,Smartphone,Xiaomi Redmi Note 14,11350000,1,11350000,Debit,Perempuan,34,4,Tidak,570000
TRX01583,2026-06-18,Bandung,Aksesoris,Power Bank,50000,2,100000,Kredit,Laki-laki,56,3,Tidak,350000
TRX01584,2026-04-09,Malang,Smartphone,Vivo V30,2250000,2,4500000,Tunai,Laki-laki,46,2,Tidak,380000
TRX01585,2026-04-30,Bandung,Aksesoris,Headset Bluetooth,150000,4,750000,Tunai,Perempuan,23,5,Ya,400000
TRX01586,2026-02-06,Malang,Smartphone,Vivo V30,10350000,1,12908000,E-Wallet,Perempuan,48,4,Ya,450000
TRX01587,2026-06-19,Surabaya,Aksesoris,Power Bank,150000,2,300000,Kredit,Laki-laki,36,4,Tidak,670000
TRX01588,2026-01-25,Surabaya,Elektronik Rumah Tangga,Rice Cooker Digital,4900000,1,4900000,E-Wallet,Laki-laki,40,2,Tidak,640000
TRX01589,2026-01-22,Surabaya,Laptop,HP 14,7750000,3,26283000,E-Wallet,Perempuan,44,5,Ya,540000
TRX01590,2026-04-01,Malang,Smartphone,Samsung Galaxy A15,8150000,2,19486000,Debit,Perempuan,26,4,Ya,370000
TRX01591,2026-02-21,Surabaya,Smartphone,OPPO Reno 12,4100000,1,4100000,Debit,Perempuan,21,4,Tidak,410000
TRX01592,2026-01-12,Surabaya,Elektronik Rumah Tangga,Rice Cooker Digital,6150000,1,6150000,Kredit,Perempuan,41,2,Tidak,510000
TRX01593,2026-05-04,Bandung,Elektronik Rumah Tangga,"Smart TV 43""",6600000,3,24373000,E-Wallet,Laki-laki,38,4,Ya,440000
TRX01594,2026-04-08,Malang,Smartphone,Vivo V30,8500000,1,8500000,E-Wallet,Laki-laki,50,3,Tidak,430000
TRX01595,2026-04-06,Jakarta,Elektronik Rumah Tangga,Kipas Angin,4000000,1,4000000,E-Wallet,Perempuan,43,3,Tidak,860000
TRX01596,2026-06-29,Surabaya,Smartphone,OPPO Reno 12,3450000,1,3450000,Tunai,Laki-laki,59,5,Tidak,710000
TRX01597,2026-05-23,Surabaya,Aksesoris,Mouse Wireless,400000,4,1600000,Debit,Laki-laki,56,2,Tidak,590000
TRX01598,2026-05-19,Surabaya,Aksesoris,Headset Bluetooth,1050000,1,1050000,E-Wallet,Laki-laki,48,3,Tidak,610000
TRX01599,2026-03-08,Malang,Smartphone,Vivo V30,5250000,3,15750000,Debit,Perempuan,56,5,Tidak,430000
TRX01600,2026-02-22,Surabaya,Laptop,Lenovo IdeaPad Slim 3,15050000,2,30100000,Debit,Laki-laki,26,4,Tidak,630000
TRX01601,2026-05-26,Surabaya,Aksesoris,Keyboard Mechanical,600000,3,1800000,Debit,Laki-laki,28,5,Tidak,580000
TRX01602,2026-03-11,Malang,Smartphone,Samsung Galaxy A15,11700000,1,11700000,Debit,Laki-laki,31,4,Tidak,390000
TRX01603,2026-05-07,Malang,Laptop,HP 14,7200000,2,14400000,E-Wallet,Laki-laki,25,5,Tidak,370000
TRX01604,2026-04-22,Malang,Smartphone,Xiaomi Redmi Note 14,7300000,2,14600000,E-Wallet,Laki-laki,50,4,Tidak,530000
TRX01605,2026-02-09,Jakarta,Aksesoris,Headset Bluetooth,200000,2,400000,Kredit,Laki-laki,44,5,Tidak,950000
TRX01606,2026-01-03,Malang,Smartphone,Vivo V30,6050000,1,6050000,E-Wallet,Laki-laki,49,4,Tidak,320000
TRX01607,2026-01-15,Surabaya,Smartphone,OPPO Reno 12,7250000,6,48025000,Tunai,Perempuan,50,3,Ya,570000
TRX01608,2026-04-18,Bandung,Laptop,Acer Aspire 5,16900000,2,39113000,Debit,Perempuan,39,4,Ya,350000
TRX01609,2026-03-21,Jakarta,Laptop,Acer Aspire 5,15900000,2,34579000,Debit,Laki-laki,24,5,Ya,850000
TRX01610,2026-02-16,Bandung,Smartphone,Samsung Galaxy A15,7700000,3,23100000,Kredit,Laki-laki,35,3,Tidak,390000
TRX01611,2026-06-15,Surabaya,Elektronik Rumah Tangga,"Smart TV 43""",6800000,2,14336000,E-Wallet,Perempuan,24,3,Ya,660000
TRX01612,2026-03-26,Jakarta,Smartphone,Vivo V30,3350000,1,4089000,Tunai,Perempuan,32,4,Ya,1050000
TRX01613,2026-05-14,Jakarta,Smartphone,OPPO Reno 12,4000000,1,4000000,Debit,Perempuan,27,3,Tidak,960000
TRX01614,2026-03-30,Bandung,Laptop,ASUS Vivobook 14,8950000,3,32158000,Tunai,Perempuan,32,4,Ya,480000
TRX01615,2026-04-26,Malang,Aksesoris,Keyboard Mechanical,200000,2,400000,Tunai,Perempuan,37,4,Tidak,340000
TRX01616,2026-02-12,Surabaya,Aksesoris,Headset Bluetooth,900000,1,1029000,Tunai,Perempuan,27,4,Ya,700000
TRX01617,2026-06-10,Jakarta,Smartphone,Samsung Galaxy A15,2550000,2,5885000,Debit,Laki-laki,18,4,Ya,810000
TRX01618,2026-03-24,Jakarta,Smartphone,OPPO Reno 12,11350000,3,41443000,Tunai,Perempuan,52,4,Ya,910000
TRX01619,2026-03-12,Malang,Aksesoris,Power Bank,1200000,2,2914000,Tunai,Perempuan,52,5,Ya,350000
TRX01620,2026-05-15,Jakarta,Aksesoris,Keyboard Mechanical,50000,1,50000,Debit,Laki-laki,35,4,Tidak,730000
TRX01621,2026-05-30,Surabaya,Aksesoris,Keyboard Mechanical,350000,1,350000,Debit,Perempuan,47,4,Tidak,540000
TRX01622,2026-05-31,Jakarta,Aksesoris,Mouse Wireless,850000,5,4250000,Debit,Perempuan,50,4,Tidak,670000
TRX01623,2026-01-11,Malang,Aksesoris,Mouse Wireless,1100000,1,1100000,Tunai,Perempuan,37,3,Tidak,440000
TRX01624,2026-02-02,Malang,Smartphone,Vivo V30,3950000,1,4920000,Kredit,Laki-laki,36,4,Ya,510000
TRX01625,2026-01-12,Jakarta,Smartphone,Vivo V30,8750000,1,8750000,E-Wallet,Perempuan,39,1,Tidak,840000
TRX01626,2026-02-28,Malang,Laptop,ASUS Vivobook 14,9650000,1,9650000,Kredit,Perempuan,18,5,Tidak,450000
TRX01627,2026-04-13,Bandung,Laptop,HP 14,10450000,1,10450000,E-Wallet,Perempuan,20,5,Tidak,550000
TRX01628,2026-05-11,Malang,Laptop,Acer Aspire 5,16050000,2,36947000,Debit,Perempuan,45,4,Ya,390000
TRX01629,2026-05-06,Malang,Smartphone,Vivo V30,5100000,3,15300000,Debit,Laki-laki,53,2,Tidak,380000
TRX01630,2026-04-02,Jakarta,Smartphone,Samsung Galaxy A15,2750000,2,5985000,Tunai,Laki-laki,39,4,Ya,910000
TRX01631,2026-03-19,Surabaya,Laptop,Lenovo IdeaPad Slim 3,8450000,1,8954000,Debit,Perempuan,27,5,Ya,570000
TRX01632,2026-02-21,Surabaya,Smartphone,Xiaomi Redmi Note 14,10900000,4,43600000,E-Wallet,Laki-laki,57,5,Tidak,690000
TRX01633,2026-01-24,Surabaya,Smartphone,Samsung Galaxy A15,9950000,1,9950000,Kredit,Perempuan,38,4,Tidak,620000
TRX01634,2026-01-24,Surabaya,Smartphone,Samsung Galaxy A15,3850000,1,3850000,Tunai,Perempuan,34,1,Tidak,610000
TRX01635,2026-02-05,Malang,Aksesoris,Mouse Wireless,400000,1,400000,Tunai,Perempuan,53,5,Tidak,350000
TRX01636,2026-06-19,Bandung,Smartphone,Vivo V30,9900000,4,39600000,Kredit,Perempuan,23,3,Tidak,420000
TRX01637,2026-03-07,Jakarta,Elektronik Rumah Tangga,"Smart TV 43""",2950000,4,13098000,Tunai,Perempuan,21,5,Ya,940000
TRX01638,2026-02-25,Malang,Smartphone,OPPO Reno 12,9450000,1,9450000,Debit,Laki-laki,57,4,Tidak,310000
TRX01639,2026-06-18,Malang,Elektronik Rumah Tangga,Kipas Angin,4400000,1,4400000,E-Wallet,Laki-laki,59,5,Tidak,410000
TRX01640,2026-04-29,Bandung,Elektronik Rumah Tangga,Rice Cooker Digital,2650000,6,15900000,E-Wallet,Laki-laki,60,4,Tidak,350000
TRX01641,2026-03-02,Malang,Aksesoris,Mouse Wireless,1150000,1,1376000,Kredit,Perempuan,48,4,Ya,430000
TRX01642,2026-06-24,Surabaya,Aksesoris,Keyboard Mechanical,600000,1,600000,Kredit,Laki-laki,53,4,Tidak,480000
TRX01643,2026-06-07,Malang,Aksesoris,Power Bank,550000,3,1650000,Kredit,Laki-laki,59,4,Tidak,470000
TRX01644,2026-01-01,Malang,Smartphone,Vivo V30,5300000,3,18686000,E-Wallet,Perempuan,32,3,Ya,450000
TRX01645,2026-02-18,Jakarta,Smartphone,Vivo V30,6900000,5,34500000,Debit,Laki-laki,41,4,Tidak,740000
TRX01646,2026-03-27,Surabaya,Elektronik Rumah Tangga,Kipas Angin,6300000,6,46208000,Kredit,Laki-laki,59,5,Ya,520000
TRX01647,2026-02-20,Surabaya,Aksesoris,Headset Bluetooth,1150000,1,1406000,E-Wallet,Laki-laki,51,4,Ya,580000
TRX01648,2026-02-20,Bandung,Laptop,ASUS Vivobook 14,10200000,2,20400000,Debit,Perempuan,46,2,Tidak,420000
TRX01649,2026-06-07,Jakarta,Smartphone,OPPO Reno 12,7550000,4,32297000,Tunai,Perempuan,56,4,Ya,920000
TRX01650,2026-02-14,Jakarta,Smartphone,Vivo V30,8350000,2,16700000,E-Wallet,Perempuan,28,5,Tidak,920000
TRX01651,2026-02-11,Surabaya,Elektronik Rumah Tangga,Kipas Angin,5300000,2,10600000,Kredit,Perempuan,23,5,Tidak,650000
TRX01652,2026-01-12,Bandung,Smartphone,Samsung Galaxy A15,2800000,5,17051000,E-Wallet,Laki-laki,41,1,Ya,320000
TRX01653,2026-03-20,Jakarta,Laptop,ASUS Vivobook 14,11350000,5,67937000,Kredit,Perempuan,34,5,Ya,1000000
TRX01654,2026-04-21,Surabaya,Aksesoris,Keyboard Mechanical,350000,2,700000,Tunai,Perempuan,51,5,Tidak,710000
TRX01655,2026-06-29,Malang,Smartphone,Xiaomi Redmi Note 14,9350000,1,10918000,E-Wallet,Laki-laki,24,4,Ya,400000
TRX01656,2026-01-15,Jakarta,Smartphone,OPPO Reno 12,6400000,1,6400000,Kredit,Perempuan,26,4,Tidak,940000
TRX01657,2026-05-30,Malang,Elektronik Rumah Tangga,Rice Cooker Digital,3650000,4,17811000,Tunai,Perempuan,19,4,Ya,440000
TRX01658,2026-04-22,Surabaya,Smartphone,OPPO Reno 12,2050000,1,2281000,Kredit,Laki-laki,41,4,Ya,630000
TRX01659,2026-04-19,Jakarta,Laptop,ASUS Vivobook 14,12050000,1,12050000,E-Wallet,Laki-laki,51,4,Tidak,1000000
TRX01660,2026-02-20,Jakarta,Smartphone,OPPO Reno 12,2800000,3,8400000,Debit,Perempuan,29,4,Tidak,1070000
TRX01661,2026-06-19,Surabaya,Smartphone,OPPO Reno 12,10900000,2,21800000,E-Wallet,Perempuan,54,5,Tidak,550000
TRX01662,2026-06-12,Bandung,Smartphone,Vivo V30,8100000,6,54092000,E-Wallet,Perempuan,51,1,Ya,440000
TRX01663,2026-05-15,Surabaya,Laptop,Acer Aspire 5,17350000,1,17350000,Debit,Perempuan,21,3,Tidak,700000
TRX01664,2026-03-29,Jakarta,Aksesoris,Power Bank,950000,4,4058000,E-Wallet,Laki-laki,57,5,Ya,850000
TRX01665,2026-03-13,Surabaya,Elektronik Rumah Tangga,Air Fryer,3250000,1,3250000,E-Wallet,Laki-laki,33,2,Tidak,610000
TRX01666,2026-01-22,Surabaya,Elektronik Rumah Tangga,Rice Cooker Digital,5900000,1,5900000,Kredit,Laki-laki,28,4,Tidak,510000
TRX01667,2026-03-13,Surabaya,Elektronik Rumah Tangga,Air Fryer,3100000,2,6858000,E-Wallet,Laki-laki,48,3,Ya,610000
TRX01668,2026-03-03,Jakarta,Smartphone,Xiaomi Redmi Note 14,10000000,1,11354000,Debit,Laki-laki,56,3,Ya,920000
TRX01669,2026-05-26,Bandung,Aksesoris,Headset Bluetooth,200000,3,654000,Debit,Perempuan,49,4,Ya,430000
TRX01670,2026-02-08,Surabaya,Smartphone,Xiaomi Redmi Note 14,6200000,3,18600000,E-Wallet,Perempuan,37,2,Tidak,600000
TRX01671,2026-01-06,Jakarta,Laptop,ASUS Vivobook 14,10250000,1,11622000,Tunai,Perempuan,25,5,Ya,640000
TRX01672,2026-03-08,Surabaya,Aksesoris,Power Bank,50000,1,50000,Debit,Perempuan,37,5,Tidak,690000
TRX01673,2026-06-13,Jakarta,Elektronik Rumah Tangga,"Smart TV 43""",4350000,1,4350000,Tunai,Perempuan,40,5,Tidak,800000
TRX01674,2026-06-14,Malang,Laptop,ASUS Vivobook 14,14300000,1,14300000,Debit,Laki-laki,30,2,Tidak,350000
TRX01675,2026-03-29,Jakarta,Elektronik Rumah Tangga,Kipas Angin,7250000,2,16068000,Tunai,Perempuan,55,4,Ya,800000
TRX01676,2026-02-04,Jakarta,Smartphone,Samsung Galaxy A15,2250000,2,4755000,Kredit,Perempuan,34,4,Ya,1210000
TRX01677,2026-01-09,Bandung,Smartphone,OPPO Reno 12,9150000,1,9150000,E-Wallet,Laki-laki,42,5,Tidak,380000
TRX01678,2026-06-19,Malang,Aksesoris,Keyboard Mechanical,900000,4,4135000,E-Wallet,Laki-laki,21,5,Ya,290000
TRX01679,2026-03-25,Jakarta,Aksesoris,Headset Bluetooth,1100000,1,1271000,Kredit,Perempuan,24,4,Ya,670000
TRX01680,2026-04-13,Bandung,Elektronik Rumah Tangga,"Smart TV 43""",6550000,2,16359000,Tunai,Laki-laki,58,4,Ya,360000
TRX01681,2026-06-04,Jakarta,Elektronik Rumah Tangga,Rice Cooker Digital,2950000,5,16735000,E-Wallet,Perempuan,59,2,Ya,930000
TRX01682,2026-04-02,Bandung,Aksesoris,Keyboard Mechanical,350000,4,1721000,E-Wallet,Laki-laki,30,1,Ya,350000
TRX01683,2026-02-06,Bandung,Aksesoris,Keyboard Mechanical,300000,1,300000,Tunai,Laki-laki,60,4,Tidak,380000
TRX01684,2026-04-12,Surabaya,Smartphone,OPPO Reno 12,3700000,1,4471000,E-Wallet,Laki-laki,60,1,Ya,620000
TRX01685,2026-03-05,Jakarta,Elektronik Rumah Tangga,"Smart TV 43""",4550000,1,4550000,E-Wallet,Perempuan,38,4,Tidak,810000
TRX01686,2026-06-04,Malang,Laptop,Acer Aspire 5,16700000,1,16700000,Tunai,Laki-laki,39,5,Tidak,430000
TRX01687,2026-05-05,Bandung,Aksesoris,Headset Bluetooth,500000,2,1000000,Kredit,Laki-laki,43,3,Tidak,300000
TRX01688,2026-05-17,Bandung,Elektronik Rumah Tangga,Air Fryer,350000,3,1050000,Debit,Laki-laki,60,4,Tidak,490000
TRX01689,2026-04-06,Bandung,Smartphone,Vivo V30,8000000,4,32000000,E-Wallet,Laki-laki,20,3,Tidak,380000
TRX01690,2026-01-29,Surabaya,Laptop,ASUS Vivobook 14,13350000,2,30495000,E-Wallet,Perempuan,40,4,Ya,580000
TRX01691,2026-01-23,Bandung,Laptop,Acer Aspire 5,7750000,1,7750000,Debit,Perempuan,38,3,Tidak,430000
TRX01692,2026-02-02,Jakarta,Laptop,Acer Aspire 5,15400000,1,15400000,Debit,Perempuan,47,4,Tidak,1020000
TRX01693,2026-01-15,Bandung,Smartphone,Vivo V30,2900000,5,14500000,Tunai,Laki-laki,31,5,Tidak,440000
TRX01694,2026-04-29,Bandung,Elektronik Rumah Tangga,Air Fryer,1300000,2,2809000,Kredit,Perempuan,29,1,Ya,540000
TRX01695,2026-04-24,Bandung,Elektronik Rumah Tangga,Rice Cooker Digital,5850000,1,5850000,Kredit,Laki-laki,47,3,Tidak,390000
TRX01696,2026-02-10,Jakarta,Laptop,Lenovo IdeaPad Slim 3,16150000,4,64600000,Debit,Laki-laki,26,5,Tidak,780000
TRX01697,2026-04-20,Surabaya,Aksesoris,Mouse Wireless,1200000,3,3600000,Kredit,Laki-laki,55,4,Tidak,500000
TRX01698,2026-02-02,Surabaya,Aksesoris,Keyboard Mechanical,450000,2,900000,E-Wallet,Laki-laki,19,5,Tidak,520000
TRX01699,2026-04-07,Jakarta,Laptop,Lenovo IdeaPad Slim 3,17850000,5,95467000,Kredit,Perempuan,32,5,Ya,950000
TRX01700,2026-01-02,Surabaya,Aksesoris,Power Bank,700000,1,739000,Kredit,Perempuan,37,5,Ya,510000
TRX01701,2026-04-26,Surabaya,Elektronik Rumah Tangga,Rice Cooker Digital,5700000,2,13088000,Kredit,Perempuan,35,2,Ya,690000
TRX01702,2026-06-26,Malang,Laptop,HP 14,17350000,4,69400000,Debit,Laki-laki,20,4,Tidak,440000
TRX01703,2026-01-17,Bandung,Laptop,Lenovo IdeaPad Slim 3,14150000,4,67678000,Tunai,Laki-laki,31,5,Ya,330000
TRX01704,2026-02-25,Surabaya,Smartphone,Vivo V30,6500000,1,6500000,Debit,Laki-laki,18,4,Tidak,720000
TRX01705,2026-04-05,Jakarta,Smartphone,Samsung Galaxy A15,7850000,4,37150000,Tunai,Perempuan,52,4,Ya,780000
TRX01706,2026-04-10,Bandung,Laptop,ASUS Vivobook 14,13200000,3,39600000,Kredit,Laki-laki,24,4,Tidak,350000
TRX01707,2026-02-16,Bandung,Elektronik Rumah Tangga,"Smart TV 43""",5550000,2,11100000,E-Wallet,Perempuan,31,2,Tidak,400000
TRX01708,2026-03-04,Malang,Smartphone,Samsung Galaxy A15,9300000,1,10120000,Tunai,Perempuan,31,4,Ya,500000
TRX01709,2026-01-31,Jakarta,Smartphone,Samsung Galaxy A15,10250000,1,12666000,E-Wallet,Perempuan,31,4,Ya,960000
TRX01710,2026-04-24,Malang,Elektronik Rumah Tangga,"Smart TV 43""",6650000,1,6650000,Debit,Perempuan,32,3,Tidak,490000
TRX01711,2026-04-10,Jakarta,Smartphone,OPPO Reno 12,3500000,2,7000000,Kredit,Laki-laki,55,2,Tidak,930000
TRX01712,2026-05-09,Bandung,Aksesoris,Mouse Wireless,1050000,5,5250000,Debit,Perempuan,27,3,Tidak,230000
TRX01713,2026-02-11,Malang,Smartphone,Xiaomi Redmi Note 14,2550000,6,15300000,Tunai,Laki-laki,57,1,Tidak,440000
TRX01714,2026-01-17,Malang,Elektronik Rumah Tangga,Air Fryer,4850000,3,14550000,Debit,Perempuan,35,3,Tidak,400000
TRX01715,2026-05-15,Bandung,Elektronik Rumah Tangga,Kipas Angin,2100000,4,8400000,E-Wallet,Laki-laki,59,5,Tidak,440000
TRX01716,2026-06-06,Jakarta,Elektronik Rumah Tangga,Air Fryer,7100000,2,14200000,Tunai,Laki-laki,25,4,Tidak,650000
TRX01717,2026-05-02,Jakarta,Laptop,Acer Aspire 5,12350000,3,40528000,Tunai,Laki-laki,58,4,Ya,1020000
TRX01718,2026-06-19,Surabaya,Smartphone,OPPO Reno 12,4900000,4,22683000,Kredit,Laki-laki,27,1,Ya,590000
TRX01719,2026-01-12,Malang,Smartphone,OPPO Reno 12,4350000,1,5253000,Debit,Laki-laki,49,4,Ya,500000
TRX01720,2026-05-21,Jakarta,Elektronik Rumah Tangga,Air Fryer,2700000,5,13500000,Debit,Perempuan,41,3,Tidak,660000
TRX01721,2026-01-12,Malang,Aksesoris,Power Bank,550000,1,550000,Kredit,Perempuan,42,1,Tidak,460000
TRX01722,2026-05-30,Surabaya,Laptop,Acer Aspire 5,7450000,1,7450000,Debit,Perempuan,40,5,Tidak,520000
TRX01723,2026-06-09,Malang,Smartphone,Vivo V30,7450000,1,7450000,Tunai,Laki-laki,59,5,Tidak,500000
TRX01724,2026-05-23,Bandung,Smartphone,Xiaomi Redmi Note 14,9450000,2,21738000,Tunai,Laki-laki,42,3,Ya,400000
TRX01725,2026-04-13,Jakarta,Laptop,Lenovo IdeaPad Slim 3,10050000,1,10050000,E-Wallet,Laki-laki,36,4,Tidak,950000
TRX01726,2026-02-08,Surabaya,Aksesoris,Headset Bluetooth,650000,4,2600000,E-Wallet,Laki-laki,39,4,Tidak,470000
TRX01727,2026-05-25,Malang,Smartphone,Samsung Galaxy A15,9200000,2,18400000,E-Wallet,Perempuan,42,4,Tidak,320000
TRX01728,2026-06-14,Surabaya,Aksesoris,Mouse Wireless,400000,1,452000,Debit,Perempuan,39,5,Ya,770000
TRX01729,2026-03-08,Jakarta,Smartphone,Vivo V30,4000000,1,4000000,E-Wallet,Perempuan,42,4,Tidak,930000
TRX01730,2026-04-04,Malang,Elektronik Rumah Tangga,Air Fryer,5550000,3,19916000,Debit,Laki-laki,24,4,Ya,500000
TRX01731,2026-02-23,Jakarta,Smartphone,OPPO Reno 12,9600000,6,57600000,Tunai,Perempuan,48,4,Tidak,980000
TRX01732,2026-01-06,Jakarta,Smartphone,Vivo V30,5650000,2,11300000,E-Wallet,Laki-laki,25,2,Tidak,1050000
TRX01733,2026-05-15,Jakarta,Laptop,ASUS Vivobook 14,15300000,1,15300000,Kredit,Perempuan,38,5,Tidak,830000
TRX01734,2026-02-01,Surabaya,Aksesoris,Power Bank,100000,2,200000,E-Wallet,Perempuan,46,4,Tidak,620000
TRX01735,2026-06-26,Jakarta,Elektronik Rumah Tangga,Air Fryer,4350000,2,8700000,E-Wallet,Laki-laki,54,3,Tidak,740000
TRX01736,2026-05-16,Jakarta,Aksesoris,Headset Bluetooth,950000,4,3800000,Tunai,Laki-laki,48,3,Tidak,790000
TRX01737,2026-04-03,Surabaya,Smartphone,Samsung Galaxy A15,6900000,5,38169000,E-Wallet,Perempuan,32,5,Ya,580000
TRX01738,2026-06-06,Jakarta,Smartphone,Samsung Galaxy A15,5750000,2,11500000,Debit,Perempuan,31,4,Tidak,1070000
TRX01739,2026-05-31,Bandung,Aksesoris,Keyboard Mechanical,1000000,5,5000000,Kredit,Perempuan,60,2,Tidak,410000
TRX01740,2026-04-29,Surabaya,Elektronik Rumah Tangga,Air Fryer,3150000,3,10505000,Debit,Perempuan,26,3,Ya,710000
TRX01741,2026-06-02,Surabaya,Smartphone,Vivo V30,5200000,1,5200000,Debit,Perempuan,39,5,Tidak,510000
TRX01742,2026-03-30,Jakarta,Laptop,HP 14,12800000,1,15400000,Debit,Laki-laki,50,4,Ya,950000
TRX01743,2026-04-14,Malang,Aksesoris,Headset Bluetooth,1000000,3,3000000,Tunai,Laki-laki,33,2,Tidak,450000
TRX01744,2026-05-07,Jakarta,Elektronik Rumah Tangga,"Smart TV 43""",2150000,1,2150000,Debit,Laki-laki,44,4,Tidak,920000
TRX01745,2026-02-19,Surabaya,Smartphone,Samsung Galaxy A15,10900000,1,13204000,Kredit,Laki-laki,21,2,Ya,520000
TRX01746,2026-03-18,Surabaya,Smartphone,Xiaomi Redmi Note 14,6250000,1,7131000,Kredit,Perempuan,36,5,Ya,710000
TRX01747,2026-06-29,Jakarta,Aksesoris,Mouse Wireless,800000,3,2400000,E-Wallet,Laki-laki,26,5,Tidak,920000
TRX01748,2026-03-12,Malang,Smartphone,Samsung Galaxy A15,6750000,1,6750000,E-Wallet,Perempuan,20,3,Tidak,290000
TRX01749,2026-03-08,Surabaya,Laptop,ASUS Vivobook 14,12150000,3,43123000,E-Wallet,Laki-laki,23,4,Ya,520000
TRX01750,2026-04-02,Surabaya,Laptop,Lenovo IdeaPad Slim 3,7850000,2,15700000,E-Wallet,Laki-laki,32,4,Tidak,620000
TRX01751,2026-02-15,Jakarta,Aksesoris,Mouse Wireless,1050000,2,2100000,Tunai,Laki-laki,25,4,Tidak,900000
TRX01752,2026-04-10,Malang,Laptop,ASUS Vivobook 14,7600000,1,7600000,Kredit,Laki-laki,47,5,Tidak,450000
TRX01753,2026-03-30,Surabaya,Aksesoris,Keyboard Mechanical,550000,2,1239000,Debit,Perempuan,47,4,Ya,620000
TRX01754,2026-04-18,Surabaya,Smartphone,Vivo V30,11450000,1,11450000,Debit,Perempuan,34,4,Tidak,700000
TRX01755,2026-02-02,Jakarta,Smartphone,Vivo V30,10100000,1,10100000,E-Wallet,Perempuan,33,4,Tidak,780000
TRX01756,2026-02-23,Bandung,Aksesoris,Power Bank,400000,2,800000,Debit,Laki-laki,27,4,Tidak,320000
TRX01757,2026-05-25,Bandung,Aksesoris,Keyboard Mechanical,750000,2,1604000,Kredit,Laki-laki,39,4,Ya,330000
TRX01758,2026-04-14,Bandung,Elektronik Rumah Tangga,Kipas Angin,1100000,3,3969000,E-Wallet,Laki-laki,43,3,Ya,320000
TRX01759,2026-06-23,Surabaya,Laptop,Lenovo IdeaPad Slim 3,10700000,2,21400000,Kredit,Laki-laki,31,4,Tidak,620000
TRX01760,2026-01-05,Jakarta,Aksesoris,Headset Bluetooth,500000,1,500000,Debit,Perempuan,29,5,Tidak,750000
TRX01761,2026-01-26,Jakarta,Smartphone,Vivo V30,7950000,1,7950000,Debit,Laki-laki,38,5,Tidak,770000
TRX01762,2026-06-16,Surabaya,Smartphone,Xiaomi Redmi Note 14,2350000,1,2350000,Kredit,Perempuan,44,1,Tidak,610000
TRX01763,2026-04-16,Bandung,Aksesoris,Power Bank,1100000,3,4026000,Kredit,Perempuan,38,4,Ya,380000
TRX01764,2026-03-22,Malang,Smartphone,Samsung Galaxy A15,4600000,4,18400000,Tunai,Laki-laki,60,1,Tidak,550000
TRX01765,2026-05-18,Surabaya,Aksesoris,Keyboard Mechanical,500000,3,1500000,E-Wallet,Perempuan,52,4,Tidak,580000
TRX01766,2026-04-01,Jakarta,Smartphone,OPPO Reno 12,10450000,1,12561000,Debit,Laki-laki,60,2,Ya,1080000
TRX01767,2026-03-17,Bandung,Smartphone,Vivo V30,10650000,1,12202000,Debit,Perempuan,35,4,Ya,420000
TRX01768,2026-04-07,Surabaya,Smartphone,Samsung Galaxy A15,6000000,3,18000000,Debit,Perempuan,39,3,Tidak,560000
TRX01769,2026-02-23,Jakarta,Laptop,HP 14,7700000,2,18726000,Kredit,Laki-laki,25,5,Ya,1020000
TRX01770,2026-03-19,Surabaya,Elektronik Rumah Tangga,"Smart TV 43""",5450000,2,12246000,Debit,Perempuan,38,5,Ya,680000
TRX01771,2026-01-22,Malang,Smartphone,Samsung Galaxy A15,6800000,3,20400000,Kredit,Laki-laki,46,4,Tidak,430000
TRX01772,2026-04-23,Malang,Laptop,ASUS Vivobook 14,15700000,1,15700000,Tunai,Perempuan,49,3,Tidak,440000
TRX01773,2026-06-11,Surabaya,Elektronik Rumah Tangga,Kipas Angin,6400000,1,6400000,E-Wallet,Laki-laki,59,5,Tidak,740000
TRX01774,2026-06-07,Bandung,Laptop,ASUS Vivobook 14,7050000,3,21150000,E-Wallet,Laki-laki,44,5,Tidak,390000
TRX01775,2026-02-05,Jakarta,Laptop,HP 14,11100000,1,12066000,Tunai,Laki-laki,34,4,Ya,710000
TRX01776,2026-06-28,Jakarta,Aksesoris,Mouse Wireless,300000,2,726000,Debit,Laki-laki,49,5,Ya,850000
TRX01777,2026-05-16,Surabaya,Elektronik Rumah Tangga,Air Fryer,2400000,1,2400000,Tunai,Laki-laki,33,4,Tidak,600000
TRX01778,2026-04-28,Bandung,Smartphone,OPPO Reno 12,5050000,2,10100000,Kredit,Perempuan,50,5,Tidak,320000
TRX01779,2026-05-20,Malang,Laptop,HP 14,11000000,1,11000000,E-Wallet,Laki-laki,21,3,Tidak,440000
TRX01780,2026-02-03,Malang,Laptop,ASUS Vivobook 14,8700000,1,8700000,Tunai,Perempuan,21,3,Tidak,450000
TRX01781,2026-05-02,Malang,Smartphone,OPPO Reno 12,8000000,2,16000000,Debit,Laki-laki,53,2,Tidak,510000
TRX01782,2026-03-30,Jakarta,Laptop,HP 14,9250000,1,9250000,Kredit,Laki-laki,25,2,Tidak,960000
TRX01783,2026-04-29,Jakarta,Smartphone,OPPO Reno 12,8050000,2,18554000,Debit,Laki-laki,53,4,Ya,990000
TRX01784,2026-04-26,Bandung,Aksesoris,Headset Bluetooth,200000,6,1200000,Kredit,Laki-laki,20,1,Tidak,460000
TRX01785,2026-05-02,Jakarta,Aksesoris,Mouse Wireless,450000,2,900000,E-Wallet,Perempuan,53,4,Tidak,890000
TRX01786,2026-05-25,Surabaya,Smartphone,Samsung Galaxy A15,4900000,1,4900000,E-Wallet,Perempuan,28,3,Tidak,640000
TRX01787,2026-05-15,Surabaya,Laptop,Acer Aspire 5,17450000,2,34900000,Debit,Perempuan,45,3,Tidak,560000
TRX01788,2026-04-08,Surabaya,Smartphone,Xiaomi Redmi Note 14,7700000,2,15400000,Debit,Laki-laki,33,4,Tidak,730000
TRX01789,2026-01-26,Jakarta,Elektronik Rumah Tangga,Kipas Angin,1250000,2,2500000,Tunai,Perempuan,38,4,Tidak,920000
TRX01790,2026-06-04,Jakarta,Aksesoris,Mouse Wireless,100000,1,117000,E-Wallet,Laki-laki,24,4,Ya,770000
TRX01791,2026-03-03,Malang,Elektronik Rumah Tangga,Rice Cooker Digital,4350000,1,4350000,E-Wallet,Laki-laki,32,4,Tidak,410000
TRX01792,2026-05-15,Jakarta,Aksesoris,Power Bank,400000,1,400000,Debit,Laki-laki,36,4,Tidak,950000
TRX01793,2026-05-12,Surabaya,Aksesoris,Keyboard Mechanical,350000,3,1050000,Debit,Laki-laki,29,3,Tidak,570000
TRX01794,2026-05-29,Jakarta,Elektronik Rumah Tangga,Rice Cooker Digital,5050000,3,15150000,E-Wallet,Laki-laki,55,4,Tidak,910000
TRX01795,2026-01-01,Surabaya,Laptop,Lenovo IdeaPad Slim 3,10900000,3,32700000,E-Wallet,Laki-laki,45,4,Tidak,650000
TRX01796,2026-01-27,Malang,Elektronik Rumah Tangga,"Smart TV 43""",1650000,2,3300000,E-Wallet,Perempuan,48,3,Tidak,520000
TRX01797,2026-02-16,Jakarta,Elektronik Rumah Tangga,Rice Cooker Digital,4500000,4,18000000,E-Wallet,Laki-laki,36,4,Tidak,870000
TRX01798,2026-06-27,Surabaya,Laptop,HP 14,12850000,1,13563000,Debit,Laki-laki,44,5,Ya,450000
TRX01799,2026-05-31,Jakarta,Smartphone,Samsung Galaxy A15,7000000,1,7000000,E-Wallet,Perempuan,52,4,Tidak,780000
TRX01800,2026-05-25,Jakarta,Aksesoris,Headset Bluetooth,100000,1,100000,E-Wallet,Laki-laki,34,4,Tidak,1020000
TRX01801,2026-06-17,Surabaya,Aksesoris,Power Bank,850000,1,850000,Debit,Perempuan,56,5,Tidak,510000
TRX01802,2026-02-27,Jakarta,Smartphone,Samsung Galaxy A15,5200000,4,24690000,E-Wallet,Laki-laki,51,5,Ya,940000
TRX01803,2026-03-08,Jakarta,Elektronik Rumah Tangga,Kipas Angin,850000,2,2036000,E-Wallet,Laki-laki,57,4,Ya,870000
TRX01804,2026-06-05,Jakarta,Elektronik Rumah Tangga,Kipas Angin,700000,2,1400000,E-Wallet,Laki-laki,32,3,Tidak,830000
TRX01805,2026-02-25,Malang,Aksesoris,Mouse Wireless,700000,3,2100000,E-Wallet,Perempuan,41,4,Tidak,460000
TRX01806,2026-01-26,Malang,Aksesoris,Mouse Wireless,900000,4,4055000,E-Wallet,Perempuan,25,5,Ya,410000
TRX01807,2026-06-18,Bandung,Aksesoris,Headset Bluetooth,100000,1,110000,E-Wallet,Perempuan,18,5,Ya,410000
TRX01808,2026-05-30,Surabaya,Laptop,Lenovo IdeaPad Slim 3,11050000,1,11050000,Debit,Perempuan,25,3,Tidak,550000
TRX01809,2026-01-16,Jakarta,Aksesoris,Power Bank,1050000,1,1050000,Tunai,Perempuan,36,5,Tidak,740000
TRX01810,2026-05-02,Surabaya,Elektronik Rumah Tangga,"Smart TV 43""",1050000,1,1050000,Debit,Perempuan,42,4,Tidak,640000
TRX01811,2026-06-13,Jakarta,Elektronik Rumah Tangga,"Smart TV 43""",1900000,5,9500000,Tunai,Perempuan,49,1,Tidak,850000
TRX01812,2026-06-13,Surabaya,Elektronik Rumah Tangga,Rice Cooker Digital,6800000,2,13600000,E-Wallet,Laki-laki,57,4,Tidak,650000
TRX01813,2026-05-17,Jakarta,Smartphone,Vivo V30,4750000,2,10671000,E-Wallet,Perempuan,48,3,Ya,860000
TRX01814,2026-06-07,Jakarta,Elektronik Rumah Tangga,"Smart TV 43""",4950000,3,15743000,Tunai,Perempuan,50,5,Ya,990000
TRX01815,2026-06-28,Jakarta,Elektronik Rumah Tangga,Rice Cooker Digital,2700000,2,5400000,E-Wallet,Laki-laki,45,4,Tidak,860000
TRX01816,2026-05-31,Jakarta,Elektronik Rumah Tangga,Air Fryer,2400000,1,2400000,Kredit,Laki-laki,38,5,Tidak,1100000
TRX01817,2026-03-11,Surabaya,Smartphone,Vivo V30,9050000,2,18100000,Kredit,Perempuan,27,3,Tidak,590000
TRX01818,2026-05-07,Bandung,Laptop,HP 14,12850000,2,25700000,Debit,Laki-laki,23,4,Tidak,390000
TRX01819,2026-03-30,Bandung,Smartphone,OPPO Reno 12,6550000,1,7962000,Kredit,Laki-laki,24,5,Ya,440000
TRX01820,2026-03-05,Jakarta,Smartphone,Xiaomi Redmi Note 14,4450000,2,9471000,Kredit,Perempuan,40,4,Ya,780000
TRX01821,2026-04-12,Malang,Laptop,ASUS Vivobook 14,16350000,3,49050000,Debit,Laki-laki,25,4,Tidak,540000
TRX01822,2026-01-31,Surabaya,Smartphone,Samsung Galaxy A15,10500000,1,11317000,Tunai,Laki-laki,55,4,Ya,550000
TRX01823,2026-04-08,Surabaya,Elektronik Rumah Tangga,Rice Cooker Digital,7250000,1,7250000,E-Wallet,Laki-laki,37,4,Tidak,710000
TRX01824,2026-06-23,Jakarta,Smartphone,OPPO Reno 12,8300000,4,33200000,Debit,Perempuan,32,4,Tidak,750000
TRX01825,2026-06-15,Malang,Elektronik Rumah Tangga,Air Fryer,7300000,3,24935000,Tunai,Laki-laki,30,5,Ya,430000
TRX01826,2026-01-29,Malang,Smartphone,OPPO Reno 12,4150000,1,4150000,Tunai,Laki-laki,25,4,Tidak,420000
TRX01827,2026-04-18,Malang,Aksesoris,Keyboard Mechanical,550000,4,2200000,Tunai,Laki-laki,55,3,Tidak,440000
TRX01828,2026-01-31,Bandung,Aksesoris,Mouse Wireless,1150000,2,2300000,Tunai,Perempuan,46,3,Tidak,500000
TRX01829,2026-04-14,Malang,Smartphone,Samsung Galaxy A15,11850000,1,13866000,Tunai,Perempuan,19,4,Ya,450000
TRX01830,2026-04-17,Bandung,Smartphone,OPPO Reno 12,3650000,3,10950000,E-Wallet,Laki-laki,27,2,Tidak,490000
TRX01831,2026-04-13,Jakarta,Smartphone,OPPO Reno 12,9300000,1,9300000,Debit,Perempuan,37,5,Tidak,870000
TRX01832,2026-02-03,Bandung,Aksesoris,Keyboard Mechanical,750000,1,750000,Tunai,Laki-laki,27,2,Tidak,400000
TRX01833,2026-05-15,Malang,Aksesoris,Power Bank,1050000,1,1050000,Kredit,Laki-laki,28,4,Tidak,360000
TRX01834,2026-04-27,Malang,Aksesoris,Headset Bluetooth,250000,1,287000,Kredit,Perempuan,26,3,Ya,430000
TRX01835,2026-06-06,Malang,Smartphone,Vivo V30,4100000,1,4100000,E-Wallet,Laki-laki,34,3,Tidak,580000
TRX01836,2026-03-27,Bandung,Elektronik Rumah Tangga,Air Fryer,6150000,2,14968000,Debit,Laki-laki,33,4,Ya,370000
TRX01837,2026-02-12,Surabaya,Elektronik Rumah Tangga,"Smart TV 43""",7450000,1,7450000,Kredit,Perempuan,28,5,Tidak,410000
TRX01838,2026-06-12,Malang,Smartphone,Samsung Galaxy A15,5250000,3,17988000,Tunai,Perempuan,21,5,Ya,540000
TRX01839,2026-05-03,Bandung,Smartphone,Samsung Galaxy A15,4050000,5,20250000,Debit,Laki-laki,19,3,Tidak,460000
TRX01840,2026-04-30,Malang,Laptop,HP 14,16600000,1,16600000,E-Wallet,Perempuan,56,3,Tidak,360000
TRX01841,2026-01-29,Jakarta,Laptop,Acer Aspire 5,16000000,1,16000000,Kredit,Perempuan,48,4,Tidak,830000
TRX01842,2026-02-15,Malang,Laptop,Lenovo IdeaPad Slim 3,11000000,1,11000000,E-Wallet,Laki-laki,40,4,Tidak,410000
TRX01843,2026-04-18,Malang,Aksesoris,Power Bank,400000,5,2000000,E-Wallet,Laki-laki,37,4,Tidak,490000
TRX01844,2026-02-14,Surabaya,Smartphone,Xiaomi Redmi Note 14,9900000,1,9900000,Debit,Perempuan,57,4,Tidak,710000
TRX01845,2026-03-12,Malang,Smartphone,Xiaomi Redmi Note 14,2750000,3,9636000,Tunai,Perempuan,21,2,Ya,380000
TRX01846,2026-02-04,Jakarta,Smartphone,Vivo V30,8300000,3,31046000,Debit,Perempuan,38,4,Ya,800000
TRX01847,2026-05-04,Surabaya,Laptop,ASUS Vivobook 14,7750000,4,31000000,E-Wallet,Laki-laki,55,3,Tidak,700000
TRX01848,2026-01-04,Surabaya,Aksesoris,Power Bank,850000,1,1057000,Debit,Laki-laki,46,2,Ya,550000
TRX01849,2026-05-14,Jakarta,Laptop,Acer Aspire 5,8600000,3,25800000,Kredit,Perempuan,59,4,Tidak,880000
TRX01850,2026-03-25,Malang,Smartphone,OPPO Reno 12,1900000,1,2103000,E-Wallet,Laki-laki,18,1,Ya,520000
TRX01851,2026-03-24,Malang,Laptop,HP 14,10950000,3,36775000,E-Wallet,Laki-laki,47,3,Ya,460000
TRX01852,2026-02-07,Surabaya,Smartphone,Xiaomi Redmi Note 14,4800000,1,4800000,Debit,Laki-laki,51,3,Tidak,500000
TRX01853,2026-06-10,Jakarta,Aksesoris,Power Bank,800000,1,800000,E-Wallet,Perempuan,56,3,Tidak,930000
TRX01854,2026-02-23,Surabaya,Smartphone,Xiaomi Redmi Note 14,4050000,4,16200000,Kredit,Laki-laki,48,3,Tidak,600000
TRX01855,2026-06-01,Malang,Laptop,ASUS Vivobook 14,15950000,4,63800000,E-Wallet,Laki-laki,52,2,Tidak,590000
TRX01856,2026-02-17,Bandung,Elektronik Rumah Tangga,Rice Cooker Digital,4900000,4,19600000,Kredit,Laki-laki,51,5,Tidak,440000
TRX01857,2026-06-12,Malang,Laptop,HP 14,16550000,2,33100000,E-Wallet,Laki-laki,31,4,Tidak,390000
TRX01858,2026-03-17,Jakarta,Smartphone,Xiaomi Redmi Note 14,4400000,4,17600000,E-Wallet,Laki-laki,22,4,Tidak,930000
TRX01859,2026-04-18,Malang,Smartphone,Xiaomi Redmi Note 14,7100000,3,21300000,E-Wallet,Laki-laki,21,3,Tidak,490000
TRX01860,2026-04-13,Jakarta,Aksesoris,Power Bank,700000,1,700000,Debit,Perempuan,52,3,Tidak,880000
TRX01861,2026-06-12,Surabaya,Aksesoris,Headset Bluetooth,50000,3,150000,Debit,Perempuan,48,4,Tidak,600000
TRX01862,2026-04-21,Bandung,Aksesoris,Power Bank,450000,1,450000,Tunai,Perempuan,43,5,Tidak,480000
TRX01863,2026-06-04,Jakarta,Elektronik Rumah Tangga,"Smart TV 43""",2050000,6,12300000,E-Wallet,Perempuan,46,4,Tidak,790000
TRX01864,2026-02-06,Malang,Aksesoris,Headset Bluetooth,600000,2,1200000,Kredit,Laki-laki,47,3,Tidak,450000
TRX01865,2026-04-25,Malang,Aksesoris,Power Bank,50000,1,57000,Debit,Laki-laki,57,1,Ya,350000
TRX01866,2026-04-24,Surabaya,Laptop,ASUS Vivobook 14,15600000,3,55216000,Kredit,Laki-laki,58,4,Ya,580000
TRX01867,2026-03-23,Jakarta,Aksesoris,Headset Bluetooth,650000,1,812000,Debit,Laki-laki,18,3,Ya,900000
TRX01868,2026-05-10,Jakarta,Smartphone,Samsung Galaxy A15,10250000,4,49128000,E-Wallet,Perempuan,35,4,Ya,830000
TRX01869,2026-01-17,Surabaya,Aksesoris,Keyboard Mechanical,1150000,1,1150000,Tunai,Perempuan,45,3,Tidak,550000
TRX01870,2026-06-29,Malang,Elektronik Rumah Tangga,Rice Cooker Digital,3600000,1,3600000,Debit,Perempuan,34,5,Tidak,480000
TRX01871,2026-03-06,Jakarta,Smartphone,Vivo V30,4050000,6,29253000,E-Wallet,Laki-laki,51,4,Ya,900000
TRX01872,2026-03-22,Bandung,Smartphone,Vivo V30,7800000,1,9664000,E-Wallet,Perempuan,60,5,Ya,420000
TRX01873,2026-05-18,Surabaya,Elektronik Rumah Tangga,"Smart TV 43""",7200000,1,8553000,Tunai,Laki-laki,47,4,Ya,700000
TRX01874,2026-01-29,Malang,Elektronik Rumah Tangga,Air Fryer,6400000,2,12800000,Debit,Laki-laki,51,2,Tidak,400000
TRX01875,2026-06-16,Malang,Laptop,ASUS Vivobook 14,11050000,1,11050000,E-Wallet,Laki-laki,51,5,Tidak,490000
TRX01876,2026-05-13,Jakarta,Elektronik Rumah Tangga,Air Fryer,1900000,3,6395000,Debit,Laki-laki,30,4,Ya,730000
TRX01877,2026-06-25,Bandung,Laptop,Acer Aspire 5,12350000,2,24700000,E-Wallet,Perempuan,23,5,Tidak,330000
TRX01878,2026-03-29,Malang,Elektronik Rumah Tangga,Kipas Angin,2700000,2,5824000,Debit,Laki-laki,19,2,Ya,450000
TRX01879,2026-01-29,Bandung,Aksesoris,Keyboard Mechanical,550000,1,579000,Debit,Perempuan,23,4,Ya,230000
TRX01880,2026-03-01,Jakarta,Aksesoris,Keyboard Mechanical,950000,2,1900000,Tunai,Laki-laki,29,5,Tidak,710000
TRX01881,2026-02-02,Bandung,Elektronik Rumah Tangga,Air Fryer,6750000,3,20250000,E-Wallet,Perempuan,20,3,Tidak,360000
TRX01882,2026-01-28,Surabaya,Smartphone,Samsung Galaxy A15,8850000,3,26550000,Tunai,Laki-laki,57,3,Tidak,700000
TRX01883,2026-03-01,Malang,Elektronik Rumah Tangga,"Smart TV 43""",6100000,1,7396000,Kredit,Laki-laki,29,4,Ya,340000
TRX01884,2026-02-04,Bandung,Smartphone,OPPO Reno 12,2000000,1,2000000,Debit,Laki-laki,23,4,Tidak,390000
TRX01885,2026-06-28,Surabaya,Smartphone,Vivo V30,8050000,1,8050000,Tunai,Laki-laki,34,3,Tidak,630000
TRX01886,2026-03-17,Jakarta,Elektronik Rumah Tangga,Rice Cooker Digital,5200000,2,11736000,Kredit,Laki-laki,27,5,Ya,780000
TRX01887,2026-05-19,Surabaya,Laptop,ASUS Vivobook 14,8550000,3,25650000,Tunai,Laki-laki,60,2,Tidak,380000
TRX01888,2026-02-25,Jakarta,Elektronik Rumah Tangga,Rice Cooker Digital,4900000,1,4900000,Kredit,Perempuan,52,4,Tidak,740000
TRX01889,2026-03-29,Jakarta,Smartphone,Xiaomi Redmi Note 14,7200000,1,7200000,Tunai,Laki-laki,23,5,Tidak,800000
TRX01890,2026-03-29,Surabaya,Smartphone,Samsung Galaxy A15,3600000,1,3600000,Tunai,Laki-laki,33,4,Tidak,560000
TRX01891,2026-04-15,Surabaya,Laptop,Lenovo IdeaPad Slim 3,17750000,2,35500000,Debit,Perempuan,38,1,Tidak,590000
TRX01892,2026-05-09,Malang,Smartphone,Xiaomi Redmi Note 14,9100000,4,41107000,E-Wallet,Laki-laki,29,5,Ya,430000
TRX01893,2026-04-20,Bandung,Laptop,HP 14,9650000,2,20714000,Debit,Laki-laki,38,1,Ya,480000
TRX01894,2026-06-07,Jakarta,Elektronik Rumah Tangga,Air Fryer,3350000,1,3350000,Debit,Laki-laki,22,5,Tidak,770000
TRX01895,2026-05-26,Malang,Elektronik Rumah Tangga,Kipas Angin,5650000,6,37297000,Debit,Perempuan,53,5,Ya,440000
TRX01896,2026-04-16,Bandung,Smartphone,Samsung Galaxy A15,9800000,2,19600000,E-Wallet,Perempuan,57,4,Tidak,440000
TRX01897,2026-02-28,Surabaya,Laptop,Acer Aspire 5,16300000,1,19435000,Kredit,Laki-laki,27,5,Ya,570000
TRX01898,2026-03-16,Malang,Aksesoris,Keyboard Mechanical,700000,1,837000,Debit,Perempuan,29,5,Ya,480000
TRX01899,2026-06-04,Surabaya,Laptop,Lenovo IdeaPad Slim 3,7450000,1,8114000,Debit,Perempuan,27,4,Ya,550000
TRX01900,2026-03-16,Surabaya,Smartphone,Xiaomi Redmi Note 14,3350000,1,4100000,Tunai,Laki-laki,55,4,Ya,580000
TRX01901,2026-06-10,Jakarta,Smartphone,OPPO Reno 12,11750000,1,14546000,Debit,Perempuan,54,3,Ya,940000
TRX01902,2026-02-16,Jakarta,Smartphone,Xiaomi Redmi Note 14,11350000,4,45400000,Kredit,Perempuan,53,3,Tidak,1210000
TRX01903,2026-05-16,Bandung,Smartphone,Vivo V30,6750000,4,28954000,E-Wallet,Perempuan,52,4,Ya,410000
TRX01904,2026-03-29,Jakarta,Smartphone,OPPO Reno 12,5050000,1,6293000,Tunai,Laki-laki,26,2,Ya,960000
TRX01905,2026-04-26,Malang,Smartphone,OPPO Reno 12,11850000,4,47400000,Tunai,Laki-laki,55,4,Tidak,520000
TRX01906,2026-04-14,Surabaya,Laptop,HP 14,11200000,1,11200000,E-Wallet,Perempuan,56,4,Tidak,580000
TRX01907,2026-04-15,Malang,Laptop,Acer Aspire 5,10650000,1,10650000,Tunai,Laki-laki,42,2,Tidak,430000
TRX01908,2026-04-26,Malang,Elektronik Rumah Tangga,"Smart TV 43""",4200000,2,8400000,Tunai,Laki-laki,60,3,Tidak,380000
TRX01909,2026-04-05,Malang,Smartphone,Vivo V30,2200000,2,4400000,Debit,Perempuan,33,1,Tidak,470000
TRX01910,2026-04-06,Malang,Laptop,HP 14,17850000,2,37719000,Kredit,Laki-laki,38,5,Ya,510000
TRX01911,2026-06-16,Surabaya,Elektronik Rumah Tangga,Kipas Angin,1150000,1,1150000,Debit,Perempuan,43,3,Tidak,580000
TRX01912,2026-06-26,Surabaya,Aksesoris,Headset Bluetooth,1050000,4,4200000,E-Wallet,Laki-laki,58,2,Tidak,510000
TRX01913,2026-04-19,Surabaya,Elektronik Rumah Tangga,Kipas Angin,4350000,1,4350000,Debit,Perempuan,52,3,Tidak,610000
TRX01914,2026-04-17,Jakarta,Smartphone,OPPO Reno 12,7550000,1,7550000,E-Wallet,Perempuan,55,4,Tidak,800000
TRX01915,2026-02-15,Malang,Smartphone,OPPO Reno 12,6450000,3,21785000,Tunai,Perempuan,47,4,Ya,480000
TRX01916,2026-04-05,Surabaya,Smartphone,Samsung Galaxy A15,4700000,5,23500000,Tunai,Laki-laki,35,4,Tidak,660000
TRX01917,2026-03-19,Surabaya,Elektronik Rumah Tangga,"Smart TV 43""",7500000,3,22500000,Debit,Laki-laki,25,4,Tidak,500000
TRX01918,2026-03-07,Malang,Laptop,Lenovo IdeaPad Slim 3,16500000,1,16500000,Kredit,Laki-laki,49,4,Tidak,480000
TRX01919,2026-04-15,Malang,Smartphone,Samsung Galaxy A15,4400000,5,22000000,E-Wallet,Perempuan,54,5,Tidak,470000
TRX01920,2026-05-03,Bandung,Smartphone,Xiaomi Redmi Note 14,3650000,5,18250000,Kredit,Perempuan,44,4,Tidak,380000
TRX01921,2026-06-05,Bandung,Laptop,ASUS Vivobook 14,15000000,3,45000000,Tunai,Laki-laki,46,3,Tidak,420000
TRX01922,2026-06-14,Jakarta,Elektronik Rumah Tangga,Air Fryer,1400000,1,1400000,E-Wallet,Laki-laki,45,3,Tidak,750000
TRX01923,2026-02-24,Surabaya,Elektronik Rumah Tangga,Kipas Angin,3150000,2,6300000,Tunai,Perempuan,21,4,Tidak,530000
TRX01924,2026-04-23,Jakarta,Elektronik Rumah Tangga,Kipas Angin,5100000,1,5100000,E-Wallet,Perempuan,18,5,Tidak,1020000
TRX01925,2026-02-08,Bandung,Aksesoris,Mouse Wireless,100000,1,100000,Debit,Perempuan,40,1,Tidak,260000
TRX01926,2026-06-08,Jakarta,Elektronik Rumah Tangga,Rice Cooker Digital,5000000,6,30000000,Debit,Perempuan,59,4,Tidak,860000
TRX01927,2026-01-12,Surabaya,Smartphone,OPPO Reno 12,11000000,3,40497000,Kredit,Perempuan,18,5,Ya,650000
TRX01928,2026-01-26,Surabaya,Elektronik Rumah Tangga,Air Fryer,7150000,2,14300000,Tunai,Perempuan,58,3,Tidak,470000
TRX01929,2026-01-16,Malang,Elektronik Rumah Tangga,Rice Cooker Digital,450000,1,450000,Tunai,Laki-laki,60,3,Tidak,410000
TRX01930,2026-01-23,Bandung,Elektronik Rumah Tangga,"Smart TV 43""",6850000,1,7833000,E-Wallet,Perempuan,41,5,Ya,440000
TRX01931,2026-03-02,Malang,Smartphone,Vivo V30,7400000,1,7400000,Tunai,Perempuan,58,3,Tidak,400000
TRX01932,2026-02-07,Jakarta,Laptop,Acer Aspire 5,12350000,4,49400000,Tunai,Laki-laki,44,4,Tidak,770000
TRX01933,2026-02-05,Surabaya,Elektronik Rumah Tangga,"Smart TV 43""",2150000,3,6450000,Debit,Perempuan,18,4,Tidak,520000
TRX01934,2026-06-01,Surabaya,Smartphone,Vivo V30,10150000,2,20300000,Debit,Perempuan,39,1,Tidak,500000
TRX01935,2026-03-13,Surabaya,Smartphone,Xiaomi Redmi Note 14,11400000,6,73400000,Kredit,Perempuan,28,3,Ya,580000
TRX01936,2026-04-10,Jakarta,Aksesoris,Headset Bluetooth,750000,1,750000,Tunai,Laki-laki,28,3,Tidak,790000
TRX01937,2026-04-19,Jakarta,Aksesoris,Power Bank,1000000,2,2000000,Debit,Perempuan,48,5,Tidak,910000
TRX01938,2026-04-18,Jakarta,Aksesoris,Keyboard Mechanical,1150000,5,5750000,Tunai,Laki-laki,60,4,Tidak,860000
TRX01939,2026-04-20,Surabaya,Aksesoris,Headset Bluetooth,700000,1,700000,Debit,Laki-laki,28,5,Tidak,550000
TRX01940,2026-01-28,Surabaya,Smartphone,Samsung Galaxy A15,7500000,3,22500000,Kredit,Perempuan,54,5,Tidak,680000
TRX01941,2026-05-07,Jakarta,Elektronik Rumah Tangga,Air Fryer,450000,1,450000,Kredit,Laki-laki,36,1,Tidak,850000
TRX01942,2026-01-09,Malang,Elektronik Rumah Tangga,Rice Cooker Digital,2900000,3,8700000,Kredit,Perempuan,26,4,Tidak,400000
TRX01943,2026-05-18,Surabaya,Smartphone,Samsung Galaxy A15,4650000,1,4650000,Debit,Laki-laki,55,5,Tidak,520000
TRX01944,2026-06-11,Surabaya,Smartphone,Xiaomi Redmi Note 14,9800000,2,24491000,E-Wallet,Laki-laki,41,4,Ya,630000
TRX01945,2026-05-20,Jakarta,Smartphone,Samsung Galaxy A15,2550000,2,5100000,Tunai,Perempuan,59,5,Tidak,840000
TRX01946,2026-02-24,Bandung,Smartphone,Vivo V30,5700000,5,34969000,E-Wallet,Laki-laki,54,4,Ya,340000
TRX01947,2026-04-20,Surabaya,Smartphone,OPPO Reno 12,3650000,2,7300000,E-Wallet,Laki-laki,54,4,Tidak,420000
TRX01948,2026-02-18,Jakarta,Laptop,HP 14,11000000,2,24226000,E-Wallet,Perempuan,36,4,Ya,1150000
TRX01949,2026-03-10,Jakarta,Aksesoris,Power Bank,1050000,3,3615000,Tunai,Laki-laki,49,2,Ya,1000000
TRX01950,2026-01-18,Jakarta,Smartphone,Samsung Galaxy A15,9900000,1,9900000,Debit,Perempuan,38,3,Tidak,880000
TRX01951,2026-05-28,Malang,Elektronik Rumah Tangga,Air Fryer,1300000,1,1300000,Kredit,Laki-laki,35,3,Tidak,470000
TRX01952,2026-03-16,Bandung,Aksesoris,Keyboard Mechanical,500000,3,1804000,Debit,Perempuan,25,4,Ya,390000
TRX01953,2026-05-29,Surabaya,Elektronik Rumah Tangga,Air Fryer,2150000,1,2150000,E-Wallet,Laki-laki,37,3,Tidak,670000
TRX01954,2026-04-13,Surabaya,Laptop,HP 14,17750000,2,35500000,Kredit,Laki-laki,54,4,Tidak,610000
TRX01955,2026-05-26,Surabaya,Smartphone,Xiaomi Redmi Note 14,10100000,2,24038000,Kredit,Perempuan,48,5,Ya,680000
TRX01956,2026-01-16,Surabaya,Aksesoris,Mouse Wireless,200000,2,400000,Tunai,Laki-laki,28,2,Tidak,640000
TRX01957,2026-06-01,Jakarta,Elektronik Rumah Tangga,Rice Cooker Digital,6000000,2,12000000,E-Wallet,Laki-laki,42,3,Tidak,970000
TRX01958,2026-06-11,Malang,Smartphone,OPPO Reno 12,7250000,1,7250000,Tunai,Perempuan,50,4,Tidak,470000
TRX01959,2026-04-24,Bandung,Aksesoris,Keyboard Mechanical,650000,1,650000,Debit,Perempuan,48,4,Tidak,400000
TRX01960,2026-05-21,Malang,Smartphone,Samsung Galaxy A15,6350000,2,12700000,Kredit,Laki-laki,19,4,Tidak,550000
TRX01961,2026-06-26,Jakarta,Smartphone,Xiaomi Redmi Note 14,10750000,2,21500000,Debit,Laki-laki,47,5,Tidak,990000
TRX01962,2026-06-23,Jakarta,Smartphone,Samsung Galaxy A15,5700000,6,34200000,Debit,Perempuan,31,4,Tidak,650000
TRX01963,2026-03-30,Malang,Elektronik Rumah Tangga,Rice Cooker Digital,1050000,1,1187000,Tunai,Laki-laki,44,4,Ya,390000
TRX01964,2026-02-09,Surabaya,Elektronik Rumah Tangga,Kipas Angin,5700000,2,12427000,Debit,Perempuan,52,2,Ya,670000
TRX01965,2026-06-01,Malang,Laptop,ASUS Vivobook 14,11800000,1,14232000,E-Wallet,Laki-laki,25,2,Ya,430000
TRX01966,2026-01-21,Surabaya,Laptop,Acer Aspire 5,11900000,4,51870000,Debit,Perempuan,18,2,Ya,580000
TRX01967,2026-02-11,Jakarta,Aksesoris,Headset Bluetooth,400000,2,800000,Kredit,Perempuan,34,2,Tidak,1000000
TRX01968,2026-03-19,Malang,Laptop,ASUS Vivobook 14,15950000,3,51407000,Debit,Perempuan,26,5,Ya,440000
TRX01969,2026-03-31,Surabaya,Smartphone,Xiaomi Redmi Note 14,3150000,1,3150000,Tunai,Laki-laki,36,5,Tidak,710000
TRX01970,2026-03-22,Bandung,Elektronik Rumah Tangga,"Smart TV 43""",600000,3,2197000,Kredit,Perempuan,25,5,Ya,440000
TRX01971,2026-01-22,Jakarta,Smartphone,Vivo V30,10500000,1,11281000,Kredit,Laki-laki,29,4,Ya,860000
TRX01972,2026-03-31,Jakarta,Aksesoris,Power Bank,150000,1,159000,Kredit,Laki-laki,31,5,Ya,900000
TRX01973,2026-06-05,Jakarta,Smartphone,OPPO Reno 12,9400000,1,9400000,E-Wallet,Laki-laki,35,4,Tidak,800000
TRX01974,2026-05-26,Jakarta,Smartphone,Vivo V30,8200000,5,41000000,E-Wallet,Laki-laki,43,4,Tidak,790000
TRX01975,2026-03-06,Malang,Laptop,Acer Aspire 5,7800000,4,33105000,E-Wallet,Perempuan,41,5,Ya,600000
TRX01976,2026-04-05,Malang,Smartphone,Vivo V30,5000000,3,15000000,Tunai,Laki-laki,56,4,Tidak,350000
TRX01977,2026-02-22,Malang,Smartphone,Xiaomi Redmi Note 14,6600000,2,13200000,E-Wallet,Perempuan,20,4,Tidak,420000
TRX01978,2026-03-17,Bandung,Aksesoris,Mouse Wireless,900000,4,4425000,E-Wallet,Perempuan,60,5,Ya,420000
TRX01979,2026-04-26,Malang,Laptop,HP 14,9700000,1,9700000,Debit,Laki-laki,31,2,Tidak,470000
TRX01980,2026-05-10,Jakarta,Elektronik Rumah Tangga,Kipas Angin,5050000,1,5050000,Tunai,Laki-laki,57,3,Tidak,990000
TRX01981,2026-04-05,Bandung,Laptop,HP 14,15850000,4,63400000,Debit,Laki-laki,33,4,Tidak,370000
TRX01982,2026-06-18,Malang,Elektronik Rumah Tangga,Rice Cooker Digital,6250000,2,12500000,Kredit,Perempuan,53,4,Tidak,550000
TRX01983,2026-01-23,Surabaya,Smartphone,Samsung Galaxy A15,10000000,2,21994000,Tunai,Laki-laki,33,5,Ya,660000
TRX01984,2026-03-20,Malang,Smartphone,Vivo V30,8500000,1,8942000,Kredit,Laki-laki,53,3,Ya,370000
TRX01985,2026-01-02,Malang,Smartphone,Xiaomi Redmi Note 14,11400000,2,22800000,Debit,Perempuan,41,4,Tidak,460000
TRX01986,2026-06-21,Jakarta,Laptop,HP 14,10400000,1,10400000,Tunai,Perempuan,21,4,Tidak,810000
TRX01987,2026-02-28,Surabaya,Aksesoris,Headset Bluetooth,1200000,4,4800000,Debit,Laki-laki,59,5,Tidak,560000
TRX01988,2026-04-04,Bandung,Aksesoris,Power Bank,500000,2,1000000,Kredit,Perempuan,25,4,Tidak,420000
TRX01989,2026-03-05,Jakarta,Elektronik Rumah Tangga,Air Fryer,1850000,2,4556000,Kredit,Perempuan,46,4,Ya,880000
TRX01990,2026-05-19,Jakarta,Elektronik Rumah Tangga,Rice Cooker Digital,3700000,6,22200000,Tunai,Perempuan,21,4,Tidak,940000
TRX01991,2026-04-08,Bandung,Laptop,Acer Aspire 5,12200000,4,48800000,Debit,Laki-laki,46,4,Tidak,370000
TRX01992,2026-05-13,Surabaya,Aksesoris,Mouse Wireless,500000,1,500000,Kredit,Perempuan,50,4,Tidak,720000
TRX01993,2026-03-12,Malang,Laptop,Lenovo IdeaPad Slim 3,11100000,4,53337000,Debit,Perempuan,18,5,Ya,410000
TRX01994,2026-06-25,Bandung,Smartphone,Samsung Galaxy A15,5350000,1,5350000,Tunai,Perempuan,22,4,Tidak,360000
TRX01995,2026-01-27,Jakarta,Aksesoris,Mouse Wireless,850000,2,1700000,Tunai,Laki-laki,25,4,Tidak,770000
TRX01996,2026-05-09,Bandung,Laptop,HP 14,9200000,4,36800000,Tunai,Perempuan,29,5,Tidak,290000
TRX01997,2026-02-27,Jakarta,Smartphone,Samsung Galaxy A15,7950000,4,31800000,Tunai,Laki-laki,25,4,Tidak,1250000
TRX01998,2026-04-06,Jakarta,Smartphone,Xiaomi Redmi Note 14,7950000,1,7950000,Debit,Laki-laki,30,4,Tidak,810000
TRX01999,2026-03-29,Malang,Aksesoris,Keyboard Mechanical,600000,3,2153000,E-Wallet,Perempuan,56,4,Ya,320000
TRX02000,2026-06-19,Bandung,Laptop,HP 14,9000000,1,10435000,Debit,Perempuan,45,4,Ya,370000
TRX02001,2026-05-28,Jakarta,Smartphone,Samsung Galaxy A15,2750000,3,8250000,E-Wallet,Perempuan,53,4,Tidak,780000
TRX02002,2026-01-28,Malang,Smartphone,OPPO Reno 12,7200000,2,17375000,Debit,Laki-laki,41,3,Ya,570000
TRX02003,2026-03-16,Jakarta,Smartphone,Xiaomi Redmi Note 14,8000000,1,8000000,E-Wallet,Laki-laki,54,4,Tidak,600000
TRX02004,2026-05-07,Surabaya,Elektronik Rumah Tangga,Air Fryer,7500000,1,7500000,Tunai,Laki-laki,28,2,Tidak,620000
TRX02005,2026-01-09,Surabaya,Smartphone,Vivo V30,5650000,1,5650000,Tunai,Perempuan,55,5,Tidak,400000
TRX02006,2026-01-06,Jakarta,Aksesoris,Headset Bluetooth,550000,2,1205000,E-Wallet,Perempuan,31,5,Ya,970000
TRX02007,2026-01-13,Bandung,Smartphone,Xiaomi Redmi Note 14,6850000,2,13700000,Kredit,Perempuan,52,4,Tidak,280000
TRX02008,2026-04-05,Bandung,Smartphone,Xiaomi Redmi Note 14,11750000,5,58750000,E-Wallet,Perempuan,49,5,Tidak,270000
TRX02009,2026-02-02,Bandung,Laptop,HP 14,15500000,1,15500000,Tunai,Laki-laki,25,3,Tidak,340000
TRX02010,2026-02-16,Bandung,Elektronik Rumah Tangga,Kipas Angin,4650000,2,9300000,Tunai,Perempuan,44,4,Tidak,460000
TRX02011,2026-02-20,Jakarta,Smartphone,OPPO Reno 12,6500000,2,13000000,Debit,Laki-laki,29,4,Tidak,990000
TRX02012,2026-04-05,Malang,Smartphone,OPPO Reno 12,9700000,3,29100000,Debit,Laki-laki,20,4,Tidak,360000
TRX02013,2026-04-08,Malang,Laptop,HP 14,7400000,3,27080000,Kredit,Laki-laki,23,5,Ya,360000
TRX02014,2026-06-22,Bandung,Laptop,HP 14,15400000,3,56539000,Kredit,Perempuan,19,5,Ya,420000
TRX02015,2026-02-15,Jakarta,Elektronik Rumah Tangga,Rice Cooker Digital,2750000,5,13750000,Kredit,Laki-laki,57,3,Tidak,1030000
TRX02016,2026-04-05,Jakarta,Smartphone,Samsung Galaxy A15,9200000,3,27600000,Debit,Perempuan,30,3,Tidak,910000
TRX02017,2026-02-22,Surabaya,Elektronik Rumah Tangga,"Smart TV 43""",1150000,1,1150000,Tunai,Perempuan,51,4,Tidak,720000
TRX02018,2026-06-14,Malang,Laptop,ASUS Vivobook 14,17350000,4,69400000,E-Wallet,Perempuan,54,1,Tidak,490000
TRX02019,2026-01-07,Surabaya,Laptop,HP 14,10500000,1,12780000,E-Wallet,Laki-laki,57,4,Ya,680000
TRX02020,2026-03-24,Surabaya,Smartphone,Samsung Galaxy A15,11250000,5,56250000,Kredit,Laki-laki,32,4,Tidak,670000
TRX02021,2026-05-05,Surabaya,Laptop,ASUS Vivobook 14,11800000,5,59000000,Kredit,Laki-laki,32,5,Tidak,530000
TRX02022,2026-06-08,Surabaya,Smartphone,Vivo V30,5700000,4,22800000,Kredit,Laki-laki,22,4,Tidak,340000
TRX02023,2026-05-25,Jakarta,Elektronik Rumah Tangga,Rice Cooker Digital,1800000,4,7200000,E-Wallet,Perempuan,30,4,Tidak,970000
TRX02024,2026-04-09,Surabaya,Elektronik Rumah Tangga,Air Fryer,750000,2,1660000,E-Wallet,Perempuan,23,4,Ya,590000
TRX02025,2026-05-27,Malang,Elektronik Rumah Tangga,"Smart TV 43""",2500000,2,5000000,Debit,Perempuan,55,3,Tidak,670000
TRX02026,2026-05-16,Malang,Aksesoris,Mouse Wireless,200000,3,600000,Tunai,Laki-laki,43,4,Tidak,510000
TRX02027,2026-04-17,Malang,Elektronik Rumah Tangga,"Smart TV 43""",5500000,5,34279000,Kredit,Laki-laki,25,4,Ya,430000
TRX02028,2026-04-14,Bandung,Laptop,ASUS Vivobook 14,13450000,1,15223000,Debit,Perempuan,45,5,Ya,380000
TRX02029,2026-02-19,Surabaya,Smartphone,OPPO Reno 12,9250000,1,9250000,E-Wallet,Perempuan,53,4,Tidak,690000
TRX02030,2026-05-14,Surabaya,Laptop,HP 14,7550000,2,15100000,Kredit,Laki-laki,33,4,Tidak,570000
TRX02031,2026-05-13,Surabaya,Elektronik Rumah Tangga,"Smart TV 43""",5050000,3,16011000,Debit,Laki-laki,51,4,Ya,460000
TRX02032,2026-03-16,Jakarta,Laptop,Lenovo IdeaPad Slim 3,14250000,2,31278000,E-Wallet,Laki-laki,38,4,Ya,710000
TRX02033,2026-01-21,Jakarta,Aksesoris,Power Bank,300000,1,300000,Debit,Laki-laki,31,4,Tidak,910000
TRX02034,2026-04-18,Malang,Laptop,HP 14,12350000,1,12350000,Tunai,Perempuan,55,4,Tidak,430000
TRX02035,2026-05-13,Malang,Smartphone,Samsung Galaxy A15,6950000,5,41155000,E-Wallet,Laki-laki,31,3,Ya,530000
TRX02036,2026-04-13,Malang,Elektronik Rumah Tangga,Air Fryer,6500000,4,30974000,Kredit,Perempuan,48,3,Ya,520000
TRX02037,2026-05-10,Surabaya,Elektronik Rumah Tangga,Kipas Angin,5250000,2,10500000,Debit,Perempuan,30,4,Tidak,700000
TRX02038,2026-05-25,Bandung,Aksesoris,Keyboard Mechanical,750000,2,1628000,E-Wallet,Perempuan,36,4,Ya,450000
TRX02039,2026-03-01,Bandung,Smartphone,Xiaomi Redmi Note 14,3250000,2,7327000,Kredit,Perempuan,29,3,Ya,320000
TRX02040,2026-03-06,Bandung,Laptop,Acer Aspire 5,17700000,4,84559000,Debit,Laki-laki,47,4,Ya,380000
TRX02041,2026-03-14,Jakarta,Aksesoris,Keyboard Mechanical,100000,1,100000,E-Wallet,Laki-laki,42,3,Tidak,770000
TRX02042,2026-05-14,Malang,Aksesoris,Keyboard Mechanical,150000,1,150000,Debit,Laki-laki,56,5,Tidak,430000
TRX02043,2026-06-25,Surabaya,Smartphone,Vivo V30,8550000,1,8550000,Kredit,Laki-laki,19,1,Tidak,490000
TRX02044,2026-04-03,Jakarta,Aksesoris,Power Bank,1050000,1,1050000,Kredit,Perempuan,29,1,Tidak,820000
TRX02045,2026-06-18,Jakarta,Elektronik Rumah Tangga,Air Fryer,650000,3,1950000,Debit,Laki-laki,21,5,Tidak,510000
TRX02046,2026-02-19,Surabaya,Laptop,Acer Aspire 5,13100000,1,13100000,Debit,Perempuan,19,3,Tidak,720000
TRX02047,2026-05-22,Surabaya,Smartphone,Samsung Galaxy A15,6500000,1,7618000,E-Wallet,Laki-laki,25,4,Ya,570000
TRX02048,2026-01-15,Surabaya,Smartphone,OPPO Reno 12,2200000,2,5055000,E-Wallet,Laki-laki,42,5,Ya,670000
TRX02049,2026-01-03,Surabaya,Laptop,ASUS Vivobook 14,14600000,1,14600000,Kredit,Laki-laki,28,3,Tidak,490000
TRX02050,2026-05-21,Jakarta,Laptop,ASUS Vivobook 14,8250000,4,33000000,E-Wallet,Perempuan,56,5,Tidak,780000
TRX02051,2026-03-31,Malang,Smartphone,OPPO Reno 12,4800000,2,11670000,Debit,Laki-laki,37,4,Ya,450000
TRX02052,2026-02-28,Malang,Elektronik Rumah Tangga,"Smart TV 43""",2800000,1,3435000,Kredit,Laki-laki,25,5,Ya,500000
TRX02053,2026-01-14,Jakarta,Smartphone,Samsung Galaxy A15,2150000,2,4300000,E-Wallet,Perempuan,30,4,Tidak,790000
TRX02054,2026-01-22,Surabaya,Smartphone,OPPO Reno 12,6850000,2,15897000,Tunai,Perempuan,45,5,Ya,590000
TRX02055,2026-06-20,Jakarta,Laptop,HP 14,15750000,1,15750000,Kredit,Laki-laki,36,5,Tidak,790000
TRX02056,2026-03-06,Surabaya,Laptop,Lenovo IdeaPad Slim 3,11050000,1,12095000,E-Wallet,Laki-laki,18,4,Ya,620000
TRX02057,2026-02-22,Jakarta,Elektronik Rumah Tangga,Rice Cooker Digital,4200000,4,16800000,E-Wallet,Laki-laki,27,1,Tidak,880000
TRX02058,2026-03-12,Malang,Laptop,Acer Aspire 5,7900000,2,18799000,E-Wallet,Perempuan,54,4,Ya,500000
TRX02059,2026-06-11,Surabaya,Smartphone,Samsung Galaxy A15,9050000,4,36200000,E-Wallet,Laki-laki,54,2,Tidak,650000
TRX02060,2026-02-24,Bandung,Aksesoris,Keyboard Mechanical,550000,4,2200000,Tunai,Perempuan,34,4,Tidak,430000
TRX02061,2026-05-31,Surabaya,Aksesoris,Keyboard Mechanical,350000,1,350000,Tunai,Perempuan,38,3,Tidak,490000
TRX02062,2026-04-26,Jakarta,Aksesoris,Mouse Wireless,1100000,6,6600000,Debit,Laki-laki,58,2,Tidak,770000
TRX02063,2026-02-23,Surabaya,Elektronik Rumah Tangga,Kipas Angin,4900000,3,14700000,Tunai,Laki-laki,30,5,Tidak,600000
TRX02064,2026-04-07,Bandung,Elektronik Rumah Tangga,Kipas Angin,1200000,4,4800000,Kredit,Perempuan,57,4,Tidak,440000
TRX02065,2026-01-01,Surabaya,Laptop,Lenovo IdeaPad Slim 3,13300000,3,39900000,Debit,Perempuan,49,5,Tidak,690000
TRX02066,2026-01-23,Bandung,Smartphone,Vivo V30,9650000,2,19300000,E-Wallet,Laki-laki,24,3,Tidak,350000
TRX02067,2026-05-17,Malang,Smartphone,Vivo V30,11300000,3,33900000,Debit,Perempuan,24,4,Tidak,500000
TRX02068,2026-04-19,Malang,Aksesoris,Power Bank,850000,2,1935000,Tunai,Laki-laki,31,3,Ya,360000
TRX02069,2026-03-12,Surabaya,Smartphone,Xiaomi Redmi Note 14,8200000,1,8892000,Debit,Laki-laki,54,3,Ya,670000
TRX02070,2026-05-23,Bandung,Smartphone,Samsung Galaxy A15,11500000,2,23000000,Tunai,Laki-laki,58,4,Tidak,420000
TRX02071,2026-01-17,Jakarta,Aksesoris,Keyboard Mechanical,1100000,4,4400000,Tunai,Perempuan,18,3,Tidak,530000
TRX02072,2026-01-20,Malang,Smartphone,Xiaomi Redmi Note 14,10000000,2,20000000,Debit,Perempuan,39,1,Tidak,430000
TRX02073,2026-04-25,Jakarta,Smartphone,Xiaomi Redmi Note 14,2300000,2,4600000,Debit,Laki-laki,27,3,Tidak,790000
TRX02074,2026-04-03,Surabaya,Aksesoris,Power Bank,400000,2,800000,Debit,Laki-laki,26,3,Tidak,610000
TRX02075,2026-06-01,Malang,Aksesoris,Headset Bluetooth,1200000,2,2400000,Debit,Laki-laki,47,3,Tidak,420000
TRX02076,2026-05-31,Jakarta,Smartphone,Xiaomi Redmi Note 14,3800000,3,11400000,Tunai,Perempuan,55,3,Tidak,970000
TRX02077,2026-06-16,Malang,Smartphone,Samsung Galaxy A15,7650000,3,28493000,Kredit,Perempuan,24,5,Ya,540000
TRX02078,2026-02-04,Surabaya,Smartphone,Vivo V30,11100000,3,33300000,Debit,Laki-laki,60,4,Tidak,680000
TRX02079,2026-02-22,Malang,Laptop,HP 14,9100000,1,11200000,Kredit,Laki-laki,32,4,Ya,440000
TRX02080,2026-01-18,Jakarta,Aksesoris,Keyboard Mechanical,800000,1,800000,Tunai,Perempuan,60,2,Tidak,930000
TRX02081,2026-03-06,Bandung,Aksesoris,Power Bank,300000,4,1200000,Kredit,Laki-laki,40,5,Tidak,330000
TRX02082,2026-04-13,Malang,Smartphone,Vivo V30,6500000,1,6500000,E-Wallet,Laki-laki,38,5,Tidak,460000
TRX02083,2026-05-25,Malang,Aksesoris,Keyboard Mechanical,1050000,2,2100000,E-Wallet,Perempuan,47,3,Tidak,490000
TRX02084,2026-05-08,Bandung,Laptop,HP 14,15350000,5,94721000,E-Wallet,Perempuan,19,3,Ya,410000
TRX02085,2026-02-28,Surabaya,Aksesoris,Power Bank,850000,1,850000,Tunai,Laki-laki,59,4,Tidak,530000
TRX02086,2026-03-16,Bandung,Aksesoris,Headset Bluetooth,1200000,1,1200000,Kredit,Perempuan,56,4,Tidak,370000
TRX02087,2026-05-08,Surabaya,Elektronik Rumah Tangga,"Smart TV 43""",7150000,1,7150000,Kredit,Laki-laki,57,3,Tidak,690000
TRX02088,2026-01-04,Bandung,Aksesoris,Headset Bluetooth,200000,1,200000,Tunai,Laki-laki,28,4,Tidak,520000
TRX02089,2026-04-09,Jakarta,Smartphone,Samsung Galaxy A15,7650000,3,22950000,Kredit,Perempuan,50,1,Tidak,900000
TRX02090,2026-01-02,Bandung,Smartphone,Xiaomi Redmi Note 14,4850000,2,9700000,Debit,Laki-laki,38,5,Tidak,310000
TRX02091,2026-06-14,Jakarta,Elektronik Rumah Tangga,Kipas Angin,3300000,6,23137000,Debit,Laki-laki,53,4,Ya,810000
TRX02092,2026-01-22,Jakarta,Laptop,ASUS Vivobook 14,8550000,1,8550000,Kredit,Perempuan,40,2,Tidak,880000
TRX02093,2026-06-20,Surabaya,Elektronik Rumah Tangga,Air Fryer,3050000,2,7567000,Tunai,Laki-laki,58,3,Ya,720000
TRX02094,2026-01-16,Malang,Smartphone,OPPO Reno 12,5100000,5,25500000,Kredit,Perempuan,43,5,Tidak,390000
TRX02095,2026-05-04,Jakarta,Elektronik Rumah Tangga,Kipas Angin,3600000,1,3600000,Tunai,Laki-laki,19,4,Tidak,750000
TRX02096,2026-03-29,Malang,Smartphone,Xiaomi Redmi Note 14,10150000,1,12417000,Kredit,Perempuan,40,4,Ya,410000
TRX02097,2026-04-29,Malang,Smartphone,Xiaomi Redmi Note 14,6800000,2,13600000,E-Wallet,Laki-laki,22,2,Tidak,380000
TRX02098,2026-03-16,Bandung,Laptop,ASUS Vivobook 14,13500000,3,46105000,Kredit,Laki-laki,37,4,Ya,390000
TRX02099,2026-06-18,Jakarta,Smartphone,Samsung Galaxy A15,2600000,4,10400000,Tunai,Laki-laki,18,5,Tidak,1030000
TRX02100,2026-02-22,Malang,Smartphone,OPPO Reno 12,2150000,6,12900000,Tunai,Perempuan,52,3,Tidak,500000
TRX02101,2026-04-19,Malang,Smartphone,Xiaomi Redmi Note 14,5800000,5,29000000,E-Wallet,Perempuan,37,4,Tidak,510000
TRX02102,2026-01-03,Surabaya,Smartphone,Xiaomi Redmi Note 14,8500000,4,38446000,Debit,Perempuan,39,3,Ya,650000
TRX02103,2026-01-31,Surabaya,Elektronik Rumah Tangga,Air Fryer,1400000,2,2800000,Debit,Perempuan,20,5,Tidak,570000
TRX02104,2026-04-28,Malang,Laptop,HP 14,15000000,4,60000000,Kredit,Perempuan,44,5,Tidak,400000
TRX02105,2026-05-28,Jakarta,Elektronik Rumah Tangga,Air Fryer,1250000,1,1402000,Tunai,Perempuan,20,5,Ya,540000
TRX02106,2026-03-31,Jakarta,Elektronik Rumah Tangga,"Smart TV 43""",4400000,3,15512000,Kredit,Laki-laki,38,4,Ya,760000
TRX02107,2026-06-18,Bandung,Laptop,ASUS Vivobook 14,7650000,3,22950000,Tunai,Perempuan,58,4,Tidak,420000
TRX02108,2026-01-04,Malang,Smartphone,Vivo V30,6650000,5,33250000,E-Wallet,Perempuan,51,3,Tidak,450000
TRX02109,2026-01-09,Bandung,Aksesoris,Headset Bluetooth,150000,2,300000,Kredit,Laki-laki,58,5,Tidak,320000
TRX02110,2026-04-29,Malang,Laptop,HP 14,10650000,2,23362000,Debit,Laki-laki,42,5,Ya,420000
TRX02111,2026-04-26,Malang,Smartphone,OPPO Reno 12,8250000,1,8250000,Debit,Laki-laki,47,1,Tidak,400000
TRX02112,2026-01-01,Bandung,Aksesoris,Headset Bluetooth,700000,2,1400000,E-Wallet,Laki-laki,43,5,Tidak,350000
TRX02113,2026-02-18,Bandung,Smartphone,Xiaomi Redmi Note 14,4250000,4,17000000,Kredit,Laki-laki,23,2,Tidak,320000
TRX02114,2026-01-03,Malang,Smartphone,Vivo V30,3150000,3,9450000,Tunai,Laki-laki,52,3,Tidak,400000
TRX02115,2026-04-12,Malang,Smartphone,Vivo V30,5050000,3,15150000,Kredit,Laki-laki,23,4,Tidak,410000
TRX02116,2026-01-25,Jakarta,Aksesoris,Keyboard Mechanical,200000,4,800000,Tunai,Laki-laki,57,2,Tidak,930000
TRX02117,2026-06-23,Bandung,Laptop,Acer Aspire 5,15000000,1,15000000,Debit,Laki-laki,40,1,Tidak,460000
TRX02118,2026-06-06,Jakarta,Elektronik Rumah Tangga,Air Fryer,5100000,3,15300000,Debit,Perempuan,44,3,Tidak,870000
TRX02119,2026-06-29,Surabaya,Elektronik Rumah Tangga,Air Fryer,700000,2,1400000,Kredit,Perempuan,44,4,Tidak,560000
TRX02120,2026-06-10,Bandung,Aksesoris,Headset Bluetooth,400000,2,862000,Debit,Laki-laki,47,4,Ya,350000
TRX02121,2026-05-19,Surabaya,Smartphone,OPPO Reno 12,2950000,2,6650000,Kredit,Laki-laki,35,4,Ya,670000
TRX02122,2026-03-10,Bandung,Aksesoris,Mouse Wireless,300000,5,1659000,Debit,Laki-laki,42,5,Ya,430000
TRX02123,2026-04-24,Jakarta,Aksesoris,Headset Bluetooth,300000,1,300000,Tunai,Laki-laki,55,2,Tidak,960000
TRX02124,2026-03-14,Surabaya,Smartphone,OPPO Reno 12,5600000,6,37705000,Tunai,Laki-laki,23,5,Ya,590000
TRX02125,2026-06-15,Malang,Smartphone,Vivo V30,8300000,1,8300000,Tunai,Laki-laki,41,5,Tidak,510000
TRX02126,2026-06-05,Jakarta,Elektronik Rumah Tangga,Rice Cooker Digital,1800000,1,1800000,Debit,Perempuan,27,5,Tidak,950000
TRX02127,2026-05-31,Bandung,Smartphone,Vivo V30,9350000,1,9350000,Tunai,Laki-laki,32,5,Tidak,390000
TRX02128,2026-04-17,Surabaya,Smartphone,Samsung Galaxy A15,3500000,1,3500000,Tunai,Laki-laki,60,4,Tidak,730000
TRX02129,2026-06-19,Malang,Elektronik Rumah Tangga,Kipas Angin,6050000,1,6050000,Debit,Perempuan,26,2,Tidak,400000
TRX02130,2026-01-05,Surabaya,Elektronik Rumah Tangga,Air Fryer,5650000,4,22600000,Debit,Perempuan,59,3,Tidak,510000
TRX02131,2026-01-25,Surabaya,Smartphone,OPPO Reno 12,4450000,1,4450000,E-Wallet,Laki-laki,27,5,Tidak,560000
TRX02132,2026-05-05,Bandung,Aksesoris,Keyboard Mechanical,150000,1,150000,Debit,Perempuan,19,4,Tidak,390000
TRX02133,2026-03-28,Malang,Laptop,Acer Aspire 5,7800000,3,24587000,E-Wallet,Perempuan,38,3,Ya,450000
TRX02134,2026-03-04,Surabaya,Aksesoris,Power Bank,1150000,4,5595000,Tunai,Laki-laki,51,5,Ya,500000
TRX02135,2026-02-06,Jakarta,Elektronik Rumah Tangga,Kipas Angin,6750000,1,6750000,Debit,Perempuan,49,4,Tidak,930000
TRX02136,2026-06-08,Jakarta,Smartphone,Samsung Galaxy A15,6500000,2,13000000,Debit,Laki-laki,56,2,Tidak,890000
TRX02137,2026-06-09,Bandung,Aksesoris,Mouse Wireless,200000,1,217000,E-Wallet,Perempuan,32,5,Ya,400000
TRX02138,2026-05-18,Bandung,Elektronik Rumah Tangga,"Smart TV 43""",3050000,3,11164000,Tunai,Laki-laki,23,3,Ya,340000
TRX02139,2026-05-30,Surabaya,Smartphone,Samsung Galaxy A15,4450000,2,8900000,E-Wallet,Laki-laki,27,4,Tidak,570000
TRX02140,2026-03-12,Malang,Laptop,ASUS Vivobook 14,9100000,1,11307000,Debit,Perempuan,54,5,Ya,520000
TRX02141,2026-03-22,Jakarta,Elektronik Rumah Tangga,Rice Cooker Digital,1950000,2,3900000,Debit,Laki-laki,35,4,Tidak,830000
TRX02142,2026-04-29,Malang,Smartphone,Xiaomi Redmi Note 14,5250000,3,15750000,Debit,Laki-laki,44,3,Tidak,500000
TRX02143,2026-04-28,Surabaya,Smartphone,OPPO Reno 12,8450000,3,25350000,Kredit,Perempuan,21,3,Tidak,700000
TRX02144,2026-02-22,Malang,Smartphone,OPPO Reno 12,2100000,3,6300000,Tunai,Perempuan,58,5,Tidak,420000
TRX02145,2026-03-08,Malang,Laptop,Lenovo IdeaPad Slim 3,17400000,1,21020000,E-Wallet,Perempuan,40,5,Ya,500000
TRX02146,2026-02-20,Jakarta,Aksesoris,Mouse Wireless,150000,1,150000,Kredit,Laki-laki,48,4,Tidak,940000
TRX02147,2026-03-14,Jakarta,Elektronik Rumah Tangga,"Smart TV 43""",6300000,1,7483000,E-Wallet,Laki-laki,41,2,Ya,830000
TRX02148,2026-04-06,Malang,Smartphone,Xiaomi Redmi Note 14,8300000,1,8300000,Debit,Laki-laki,41,3,Tidak,240000
TRX02149,2026-05-12,Malang,Laptop,Lenovo IdeaPad Slim 3,14350000,3,43050000,E-Wallet,Perempuan,37,4,Tidak,560000
TRX02150,2026-05-05,Malang,Aksesoris,Keyboard Mechanical,1100000,1,1100000,E-Wallet,Laki-laki,28,3,Tidak,400000
TRX02151,2026-05-05,Surabaya,Smartphone,OPPO Reno 12,4050000,2,9400000,Kredit,Perempuan,22,1,Ya,620000
TRX02152,2026-06-27,Bandung,Aksesoris,Headset Bluetooth,150000,3,450000,Debit,Laki-laki,58,1,Tidak,430000
TRX02153,2026-03-31,Jakarta,Aksesoris,Mouse Wireless,250000,2,612000,Kredit,Laki-laki,32,4,Ya,780000
TRX02154,2026-01-09,Bandung,Laptop,Lenovo IdeaPad Slim 3,12050000,3,42623000,Kredit,Laki-laki,40,4,Ya,370000
TRX02155,2026-02-18,Bandung,Laptop,Lenovo IdeaPad Slim 3,7650000,2,15300000,Tunai,Laki-laki,26,3,Tidak,390000
TRX02156,2026-05-04,Malang,Smartphone,OPPO Reno 12,10700000,2,21400000,Tunai,Laki-laki,19,5,Tidak,480000
TRX02157,2026-05-12,Jakarta,Smartphone,Vivo V30,9800000,4,39200000,Tunai,Laki-laki,33,5,Tidak,1040000
TRX02158,2026-06-05,Surabaya,Smartphone,OPPO Reno 12,11700000,1,13780000,E-Wallet,Laki-laki,58,3,Ya,630000
TRX02159,2026-02-28,Malang,Smartphone,Vivo V30,2700000,3,8100000,Debit,Laki-laki,29,2,Tidak,420000
TRX02160,2026-05-16,Jakarta,Elektronik Rumah Tangga,"Smart TV 43""",5200000,4,20800000,Debit,Laki-laki,27,5,Tidak,1070000
TRX02161,2026-02-07,Jakarta,Elektronik Rumah Tangga,Kipas Angin,2200000,1,2200000,Tunai,Laki-laki,31,3,Tidak,730000
TRX02162,2026-05-11,Surabaya,Aksesoris,Keyboard Mechanical,350000,6,2491000,Debit,Perempuan,23,4,Ya,720000
TRX02163,2026-06-19,Bandung,Aksesoris,Headset Bluetooth,250000,1,250000,Debit,Laki-laki,48,4,Tidak,410000
TRX02164,2026-05-09,Malang,Aksesoris,Keyboard Mechanical,300000,3,900000,Debit,Laki-laki,41,4,Tidak,510000
TRX02165,2026-06-20,Surabaya,Smartphone,OPPO Reno 12,10400000,2,20800000,E-Wallet,Laki-laki,20,5,Tidak,470000
TRX02166,2026-02-14,Surabaya,Elektronik Rumah Tangga,Air Fryer,1400000,1,1400000,Debit,Perempuan,26,5,Tidak,690000
TRX02167,2026-06-07,Jakarta,Laptop,Lenovo IdeaPad Slim 3,17650000,2,35300000,E-Wallet,Laki-laki,48,4,Tidak,720000
TRX02168,2026-02-18,Surabaya,Elektronik Rumah Tangga,Kipas Angin,3400000,1,3964000,Kredit,Laki-laki,38,4,Ya,560000
TRX02169,2026-06-01,Surabaya,Smartphone,Samsung Galaxy A15,6450000,1,7543000,Kredit,Laki-laki,43,5,Ya,490000
TRX02170,2026-03-11,Surabaya,Laptop,Acer Aspire 5,7500000,4,35686000,Tunai,Perempuan,55,5,Ya,570000
TRX02171,2026-06-06,Surabaya,Aksesoris,Mouse Wireless,250000,5,1425000,Kredit,Perempuan,43,3,Ya,540000
TRX02172,2026-06-05,Jakarta,Laptop,Lenovo IdeaPad Slim 3,12600000,2,27236000,E-Wallet,Laki-laki,50,4,Ya,870000
TRX02173,2026-05-18,Bandung,Elektronik Rumah Tangga,Air Fryer,3750000,1,3750000,Tunai,Laki-laki,30,4,Tidak,510000
TRX02174,2026-06-21,Surabaya,Smartphone,Xiaomi Redmi Note 14,6900000,1,7311000,Kredit,Laki-laki,37,2,Ya,620000
TRX02175,2026-04-23,Jakarta,Aksesoris,Keyboard Mechanical,850000,2,2025000,E-Wallet,Laki-laki,26,4,Ya,840000
TRX02176,2026-01-08,Malang,Smartphone,Samsung Galaxy A15,3000000,3,9484000,Debit,Perempuan,57,5,Ya,580000
TRX02177,2026-03-02,Jakarta,Aksesoris,Mouse Wireless,500000,1,536000,E-Wallet,Laki-laki,46,3,Ya,860000
TRX02178,2026-02-03,Jakarta,Aksesoris,Keyboard Mechanical,350000,5,1750000,E-Wallet,Laki-laki,24,5,Tidak,1000000
TRX02179,2026-03-30,Malang,Elektronik Rumah Tangga,"Smart TV 43""",6400000,1,7735000,Debit,Perempuan,25,4,Ya,570000
TRX02180,2026-03-29,Malang,Elektronik Rumah Tangga,"Smart TV 43""",800000,2,1917000,E-Wallet,Perempuan,37,4,Ya,630000
TRX02181,2026-04-05,Malang,Laptop,Lenovo IdeaPad Slim 3,8100000,2,16200000,Tunai,Perempuan,56,2,Tidak,490000
TRX02182,2026-06-10,Bandung,Aksesoris,Power Bank,850000,2,1700000,Kredit,Perempuan,46,4,Tidak,290000
TRX02183,2026-01-24,Jakarta,Laptop,Acer Aspire 5,9700000,4,38800000,Debit,Laki-laki,58,4,Tidak,880000
TRX02184,2026-01-26,Surabaya,Laptop,ASUS Vivobook 14,16200000,1,16200000,Tunai,Laki-laki,21,4,Tidak,670000
TRX02185,2026-01-17,Jakarta,Laptop,Lenovo IdeaPad Slim 3,14700000,1,14700000,Debit,Laki-laki,57,5,Tidak,850000
TRX02186,2026-05-31,Bandung,Aksesoris,Headset Bluetooth,750000,3,2250000,Debit,Perempuan,60,2,Tidak,500000
TRX02187,2026-05-01,Jakarta,Aksesoris,Mouse Wireless,350000,2,860000,Kredit,Perempuan,18,5,Ya,910000
TRX02188,2026-03-15,Surabaya,Laptop,Lenovo IdeaPad Slim 3,11700000,1,13699000,Tunai,Laki-laki,44,4,Ya,580000
TRX02189,2026-03-06,Malang,Smartphone,Xiaomi Redmi Note 14,4650000,2,11025000,E-Wallet,Laki-laki,50,4,Ya,450000
TRX02190,2026-02-09,Malang,Aksesoris,Headset Bluetooth,250000,1,309000,Debit,Perempuan,55,4,Ya,440000
TRX02191,2026-04-28,Jakarta,Aksesoris,Keyboard Mechanical,150000,1,150000,Kredit,Perempuan,48,4,Tidak,970000
TRX02192,2026-02-10,Surabaya,Aksesoris,Mouse Wireless,1050000,1,1295000,E-Wallet,Laki-laki,23,4,Ya,540000
TRX02193,2026-03-01,Surabaya,Smartphone,OPPO Reno 12,5800000,4,24705000,Kredit,Perempuan,52,5,Ya,540000
TRX02194,2026-06-08,Surabaya,Smartphone,OPPO Reno 12,10550000,2,21100000,E-Wallet,Perempuan,29,4,Tidak,480000
TRX02195,2026-05-07,Jakarta,Smartphone,OPPO Reno 12,10650000,1,10650000,E-Wallet,Laki-laki,54,4,Tidak,1110000
TRX02196,2026-01-16,Bandung,Smartphone,OPPO Reno 12,2000000,1,2478000,E-Wallet,Perempuan,25,4,Ya,360000
TRX02197,2026-06-06,Bandung,Laptop,HP 14,7200000,1,7200000,Debit,Laki-laki,29,3,Tidak,380000
TRX02198,2026-02-02,Malang,Smartphone,OPPO Reno 12,7750000,2,15500000,Tunai,Laki-laki,20,4,Tidak,350000
TRX02199,2026-04-06,Surabaya,Elektronik Rumah Tangga,"Smart TV 43""",6550000,2,13100000,E-Wallet,Perempuan,34,3,Tidak,740000
TRX02200,2026-01-15,Malang,Smartphone,OPPO Reno 12,4050000,4,16200000,Debit,Laki-laki,45,5,Tidak,420000
